Rk;Player;Nation;Pos;Squad;Age;Born;90s;Gls;Sh;SoT;SoT%;Sh/90;SoT/90;G/Sh;G/SoT;Dist;FK;PK;PKatt;xG;npxG;npxG/Sh;G-xG;np:G-xG;SCA;SCA90;PassLive;PassDead;TO;Sh;Fld;Def;GCA;GCA90;PassLive;PassDead;TO;Sh;Fld;Def
1;Brenden Aaronson;us USA;FW,MF;Leeds United;25;2000;8.8;1;17;6;35.3;1.93;0.68;0.06;0.17;15;0;0;0;2;2;0.12;-1;-1;28;3.19;15;0;4;5;3;1;4;0.46;2;0;0;2;0;0
2;Joshua Acheampong;eng ENG;DF;Chelsea;19;2006;3.9;1;3;2;66.7;0.77;0.52;0.33;0.5;8.1;0;0;0;0.6;0.6;0.2;0.4;0.4;0;0;0;0;0;0;0;0;0;0;0;0;0;0;0;0
3;Tyler Adams;us USA;MF;Bournemouth;26;1999;13.2;2;8;6;75;0.6;0.45;0.25;0.33;23.5;0;0;0;0.5;0.5;0.06;1.5;1.5;13;0.98;12;0;0;0;0;1;3;0.23;2;0;0;0;0;1
4;Tosin Adarabioyo;eng ENG;DF;Chelsea;28;1997;6.2;0;2;0;0;0.32;0;0;;5.1;0;0;0;0.1;0.1;0.05;-0.1;-0.1;3;0.48;2;0;0;1;0;0;0;0;0;0;0;0;0;0
5;Simon Adingra;ci CIV;FW,MF;Sunderland;23;2002;3.3;0;1;0;0;0.3;0;0;;14;0;0;0;0.1;0.1;0.14;-0.1;-0.1;8;2.39;7;0;1;0;0;0;1;0.3;1;0;0;0;0;0
6;Amine Adli;ma MAR;FW,MF;Bournemouth;25;2000;4.2;1;7;4;57.1;1.68;0.96;0.14;0.25;16.7;1;0;0;0.9;0.9;0.13;0.1;0.1;14;3.36;10;0;1;1;1;1;0;0;0;0;0;0;0;0
7;Emmanuel Agbadou;ci CIV;DF;Wolves;28;1997;9.2;0;8;2;25;0.87;0.22;0;0;19.5;1;0;0;0.5;0.5;0.06;-0.5;-0.5;9;0.97;9;0;0;0;0;0;0;0;0;0;0;0;0;0
8;Nayef Aguerd;ma MAR;DF;West Ham;29;1996;2;0;2;0;0;1;0;0;;9.9;0;0;0;0.1;0.1;0.05;-0.1;-0.1;2;1;2;0;0;0;0;0;0;0;0;0;0;0;0;0
9;Ola Aina;ng NGA;DF;Nott'ham Forest;29;1996;3;0;2;0;0;0.67;0;0;;24.6;0;0;0;0;0;0.02;0;0;1;0.33;1;0;0;0;0;0;0;0;0;0;0;0;0;0
10;Rayan A?t-Nouri;dz ALG;DF;Manchester City;24;2001;2.3;0;2;0;0;0.89;0;0;;24.9;0;0;0;0;0;0.02;0;0;4;1.77;4;0;0;0;0;0;1;0.44;1;0;0;0;0;0
11;Kristoffer Ajer;no NOR;DF;Brentford;27;1998;6.2;0;7;2;28.6;1.13;0.32;0;0;15.6;0;0;0;0.5;0.5;0.07;-0.5;-0.5;5;0.81;4;0;0;0;0;1;1;0.16;1;0;0;0;0;0
12;Nathan Aké;nl NED;DF;Manchester City;30;1995;2.3;0;3;0;0;1.31;0;0;;10.3;0;0;0;0.3;0.3;0.09;-0.3;-0.3;3;1.31;3;0;0;0;0;0;0;0;0;0;0;0;0;0
13;Carlos Alcaraz;ar ARG;MF,FW;Everton;23;2002;4.2;0;9;2;22.2;2.17;0.48;0;0;17.5;0;0;0;0.6;0.6;0.07;-0.6;-0.6;11;2.65;7;0;2;1;1;0;1;0.24;1;0;0;0;0;0
14;Omar Alderete;py PAR;DF;Sunderland;29;1996;9.4;1;9;4;44.4;0.96;0.42;0.11;0.25;14.8;0;0;0;0.7;0.7;0.08;0.3;0.3;7;0.74;6;0;0;0;1;0;1;0.11;1;0;0;0;0;0
15;Alisson;br BRA;GK;Liverpool;33;1992;9;0;0;0;;0;0;;;;0;0;0;0;0;;0;0;1;0.11;1;0;0;0;0;0;1;0.11;1;0;0;0;0;0
16;Ethan Ampadu;wls WAL;MF;Leeds United;25;2000;11.7;0;6;0;0;0.51;0;0;;25.1;0;0;0;0.6;0.6;0.1;-0.6;-0.6;23;1.96;17;3;1;1;0;1;1;0.09;1;0;0;0;0;0
17;Joachim Andersen;dk DEN;DF;Fulham;29;1996;12.5;0;6;0;0;0.48;0;0;;12.6;0;0;0;0.5;0.5;0.09;-0.5;-0.5;13;1.04;10;1;0;2;0;0;0;0;0;0;0;0;0;0
18;Elliot Anderson;eng ENG;MF;Nott'ham Forest;23;2002;14;1;15;3;20;1.07;0.21;0;0;21.6;1;1;1;1.7;0.9;0.06;-0.7;-0.9;59;4.21;39;12;2;3;2;1;4;0.29;4;0;0;0;0;0
19;André;br BRA;MF;Wolves;24;2001;10.8;0;2;0;0;0.18;0;0;;33.1;0;0;0;0;0;0.02;0;0;13;1.2;5;4;1;0;3;0;0;0;0;0;0;0;0;0
20;Jaidon Anthony;eng ENG;MF,FW;Burnley;26;1999;11.4;4;17;9;52.9;1.49;0.79;0.24;0.44;14.7;0;0;0;2.4;2.4;0.14;1.6;1.6;26;2.27;20;1;3;0;2;0;4;0.35;2;0;1;0;1;0
21;Alphonse Areola;fr FRA;GK;West Ham;32;1993;10;0;0;0;;0;0;;;;0;0;0;0;0;;0;0;2;0.2;1;1;0;0;0;0;1;0.1;0;1;0;0;0;0
22;Jhon Arias;co COL;FW;Wolves;28;1997;8.1;0;14;2;14.3;1.73;0.25;0;0;15.2;3;0;0;2.7;2.7;0.19;-2.7;-2.7;21;2.59;12;4;2;1;0;2;0;0;0;0;0;0;0;0
23;Harrison Armstrong;eng ENG;FW;Everton;18;2007;0;0;0;0;;0;0;;;;0;0;0;0;0;;0;0;0;0;0;0;0;0;0;0;0;0;0;0;0;0;0;0
24;Tolu Arokodare;ng NGA;FW;Wolves;25;2000;3.2;0;9;1;11.1;2.8;0.31;0;0;16.5;1;0;0;0.5;0.5;0.05;-0.5;-0.5;4;1.24;3;0;0;1;0;0;1;0.31;1;0;0;0;0;0
25;Taiwo Awoniyi;ng NGA;FW;Nott'ham Forest;28;1997;1.5;0;3;2;66.7;2;1.33;0;0;15.1;0;0;0;0.2;0.2;0.06;-0.2;-0.2;1;0.67;1;0;0;0;0;0;0;0;0;0;0;0;0;0
26;Yasin Ayari;se SWE;MF;Brighton;22;2003;11.7;1;22;6;27.3;1.88;0.51;0.05;0.17;23.2;1;0;0;1.1;1.1;0.05;-0.1;-0.1;22;1.88;14;4;1;2;1;0;1;0.09;1;0;0;0;0;0
27;Benoît Badiashile;fr FRA;DF;Chelsea;24;2001;1.7;0;0;0;;0;0;;;;0;0;0;0;0;;0;0;2;1.15;2;0;0;0;0;0;1;0.58;1;0;0;0;0;0
28;Dilane Bakwa;fr FRA;FW,MF;Nott'ham Forest;23;2002;1.9;0;3;3;100;1.55;1.55;0;0;22.2;0;0;0;0.1;0.1;0.05;-0.1;-0.1;7;3.62;6;1;0;0;0;0;0;0;0;0;0;0;0;0
29;Carlos Baleba;cm CMR;MF;Brighton;21;2004;8.6;0;9;0;0;1.05;0;0;;29.2;0;0;0;0.2;0.2;0.02;-0.2;-0.2;8;0.93;7;0;0;0;1;0;0;0;0;0;0;0;0;0
30;Daniel Ballard;nir NIR;DF;Sunderland;26;1999;9.5;2;13;5;38.5;1.37;0.53;0.15;0.4;8.3;0;0;0;1.1;1.1;0.08;0.9;0.9;10;1.06;8;0;0;0;0;2;0;0;0;0;0;0;0;0
31;Ross Barkley;eng ENG;MF;Aston Villa;32;1993;1.3;1;4;2;50;2.98;1.49;0.25;0.5;13;0;0;0;0.4;0.4;0.1;0.6;0.6;4;2.98;3;0;0;0;1;0;1;0.74;0;0;0;0;1;0
32;Ashley Barnes;eng ENG;FW;Burnley;36;1989;0.1;0;0;0;;0;0;;;;0;0;0;0;0;;0;0;0;0;0;0;0;0;0;0;0;0;0;0;0;0;0;0
33;Harvey Barnes;eng ENG;FW;Newcastle Utd;28;1997;7.7;3;20;8;40;2.61;1.04;0.15;0.38;17.3;0;0;0;3.3;3.3;0.16;-0.3;-0.3;22;2.87;18;0;3;1;0;0;3;0.39;2;0;1;0;0;0
34;Thierno Barry;fr FRA;FW;Everton;23;2002;7;0;15;1;6.7;2.14;0.14;0;0;9.2;0;0;0;2.4;2.4;0.16;-2.4;-2.4;7;1;6;0;1;0;0;0;0;0;0;0;0;0;0;0
35;Calvin Bassey;ng NGA;DF;Fulham;26;1999;13.1;0;2;0;0;0.15;0;0;;17.2;0;0;0;0.2;0.2;0.08;-0.2;-0.2;14;1.07;14;0;0;0;0;0;0;0;0;0;0;0;0;0
36;Altay Bay?nd?r;tr TUR;GK;Manchester Utd;27;1998;6;0;0;0;;0;0;;;;0;0;0;0;0;;0;0;3;0.5;3;0;0;0;0;0;0;0;0;0;0;0;0;0
37;Jean-Ricner Bellegarde;ht HAI;MF,FW;Wolves;27;1998;7.1;0;13;3;23.1;1.84;0.42;0;0;23.9;1;0;0;0.4;0.4;0.03;-0.4;-0.4;13;1.84;8;2;0;1;2;0;1;0.14;1;0;0;0;0;0
38;Rodrigo Bentancur;uy URU;MF;Tottenham;28;1997;9.4;1;6;1;16.7;0.64;0.11;0.17;1;17.2;0;0;0;0.3;0.3;0.06;0.7;0.7;15;1.6;14;0;1;0;0;0;2;0.21;2;0;0;0;0;0
39;Sander Berge;no NOR;MF;Fulham;27;1998;13.6;0;4;2;50;0.29;0.15;0;0;17.3;0;0;0;0.6;0.6;0.15;-0.6;-0.6;27;1.98;25;0;0;2;0;0;2;0.15;1;0;0;1;0;0
40;Lucas Bergvall;se SWE;MF;Tottenham;19;2006;6.3;1;8;3;37.5;1.27;0.48;0.13;0.33;11.1;0;0;0;0.8;0.8;0.1;0.2;0.2;11;1.75;6;3;1;1;0;0;2;0.32;2;0;0;0;0;0
41;Beto;gw GNB;FW;Everton;27;1998;7;1;14;4;28.6;1.99;0.57;0.07;0.25;8.2;0;0;0;4.1;4.1;0.29;-3.1;-3.1;11;1.56;6;0;0;4;1;0;2;0.28;1;0;0;1;0;0
42;Jaka Bijol;si SVN;DF;Leeds United;26;1999;4.4;1;2;1;50;0.45;0.23;0.5;1;7.5;0;0;0;0.2;0.2;0.1;0.8;0.8;1;0.23;0;1;0;0;0;0;0;0;0;0;0;0;0;0
43;Marco Bizot;nl NED;GK;Aston Villa;34;1991;3;0;0;0;;0;0;;;;0;0;0;0;0;;0;0;1;0.33;1;0;0;0;0;0;1;0.33;1;0;0;0;0;0
44;Oscar Bobb;no NOR;MF,FW;Manchester City;22;2003;5.2;0;4;0;0;0.77;0;0;;14.7;0;0;0;0.4;0.4;0.1;-0.4;-0.4;22;4.23;16;0;5;0;1;0;3;0.58;2;0;1;0;0;0
45;Lamare Bogarde;nl NED;MF;Aston Villa;21;2004;3.4;0;0;0;;0;0;;;;0;0;0;0;0;;0;0;5;1.45;5;0;0;0;0;0;1;0.29;1;0;0;0;0;0
46;Jayden Bogle;eng ENG;DF;Leeds United;25;2000;13.6;0;8;2;25;0.59;0.15;0;0;18.7;0;0;0;0.7;0.7;0.09;-0.7;-0.7;18;1.32;14;0;1;0;2;1;1;0.07;1;0;0;0;0;0
47;Sebastiaan Bornauw;be BEL;DF;Leeds United;26;1999;0;0;0;0;;0;0;;;;0;0;0;0;0;;0;0;0;0;0;0;0;0;0;0;0;0;0;0;0;0;0;0
48;Olivier Boscagli;fr FRA;DF;Brighton;28;1997;0.5;0;0;0;;0;0;;;;0;0;0;0;0;;0;0;1;2;1;0;0;0;0;0;0;0;0;0;0;0;0;0
49;Sven Botman;nl NED;DF;Newcastle Utd;25;2000;7.3;0;2;1;50;0.27;0.14;0;0;9;0;0;0;0.1;0.1;0.07;-0.1;-0.1;3;0.41;2;1;0;0;0;0;0;0;0;0;0;0;0;0
50;Jarrod Bowen;eng ENG;FW,MF;West Ham;29;1996;14;3;35;13;37.1;2.5;0.93;0.09;0.23;17.3;1;0;0;2;2;0.06;1;1;43;3.07;25;0;6;9;2;1;3;0.21;2;0;0;1;0;0
51;Conor Bradley;nir NIR;DF;Liverpool;22;2003;5.9;0;3;0;0;0.51;0;0;;20;0;0;0;0.1;0.1;0.03;-0.1;-0.1;3;0.51;3;0;0;0;0;0;0;0;0;0;0;0;0;0
52;Brian Brobbey;nl NED;FW;Sunderland;23;2002;2.5;2;3;3;100;1.18;1.18;0.67;0.67;9.1;0;0;0;0.4;0.4;0.12;1.6;1.6;1;0.39;1;0;0;0;0;0;1;0.39;1;0;0;0;0;0
53;Armando Broja;al ALB;FW;Burnley;24;2001;1.3;0;2;1;50;1.51;0.76;0;0;10.7;0;0;0;0.3;0.3;0.13;-0.3;-0.3;2;1.51;1;0;0;0;1;0;0;0;0;0;0;0;0;0
54;David Brooks;wls WAL;FW,MF;Bournemouth;28;1997;7;0;20;5;25;2.85;0.71;0;0;17.9;2;0;0;1.4;1.4;0.07;-1.4;-1.4;23;3.28;14;2;4;2;1;0;2;0.28;1;1;0;0;0;0
55;Jacob Bruun Larsen;dk DEN;FW,MF;Burnley;27;1998;5.5;0;8;3;37.5;1.46;0.55;0;0;22.7;4;0;0;0.3;0.3;0.04;-0.3;-0.3;12;2.2;11;0;0;0;0;1;1;0.18;1;0;0;0;0;0
56;Emi Buendía;ar ARG;MF,FW;Aston Villa;29;1996;5.9;3;16;3;18.8;2.72;0.51;0.19;1;20.8;2;0;0;1;1;0.06;2;2;19;3.23;17;0;0;1;1;0;3;0.51;2;0;0;0;1;0
57;Hugo Bueno;es ESP;DF,MF;Wolves;23;2002;9;0;3;1;33.3;0.33;0.11;0;0;18.8;0;0;0;0.2;0.2;0.07;-0.2;-0.2;26;2.89;23;1;1;0;1;0;0;0;0;0;0;0;0;0
58;Santiago Bueno;uy URU;DF;Wolves;27;1998;7.4;1;2;2;100;0.27;0.27;0.5;0.5;8.6;0;0;0;0.8;0.8;0.4;0.2;0.2;10;1.35;7;0;0;0;3;0;2;0.27;1;0;0;0;1;0
59;Facundo Buonanotte;ar ARG;MF;Chelsea;21;2004;0.5;0;0;0;;0;0;;;;0;0;0;0;0;;0;0;2;4;2;0;0;0;0;0;0;0;0;0;0;0;0;0
60;Dan Burn;eng ENG;DF;Newcastle Utd;33;1992;12.8;0;3;0;0;0.23;0;0;;10.6;0;0;0;0.1;0.1;0.04;-0.1;-0.1;11;0.86;9;0;0;1;1;0;2;0.16;1;0;0;0;1;0
61;Bradley Burrowes;eng ENG;DF;Aston Villa;17;2008;0.2;0;0;0;;0;0;;;;0;0;0;0;0;;0;0;0;0;0;0;0;0;0;0;0;0;0;0;0;0;0;0
62;Sam Byram;eng ENG;DF;Leeds United;32;1993;0.1;0;0;0;;0;0;;;;0;0;0;0;0;;0;0;0;0;0;0;0;0;0;0;0;0;0;0;0;0;0;0
63;Moisés Caicedo;ec ECU;MF;Chelsea;24;2001;10.9;3;10;4;40;0.92;0.37;0.3;0.75;22.3;0;0;0;0.6;0.6;0.06;2.4;2.4;26;2.38;22;0;0;2;0;2;5;0.46;4;0;0;0;0;1
64;Tom Cairney;sct SCO;MF;Fulham;34;1991;2.3;0;6;0;0;2.66;0;0;;18.9;0;0;0;0.4;0.4;0.07;-0.4;-0.4;2;0.89;2;0;0;0;0;0;0;0;0;0;0;0;0;0
65;Riccardo Calafiori;it ITA;DF;Arsenal;23;2002;12;1;22;5;22.7;1.83;0.42;0.05;0.2;14.6;0;0;0;2.5;2.5;0.11;-1.5;-1.5;27;2.25;15;1;3;5;2;1;5;0.42;3;0;0;1;0;1
66;Dominic Calvert-Lewin;eng ENG;FW;Leeds United;28;1997;8.5;3;23;10;43.5;2.71;1.18;0.13;0.3;12.5;0;0;0;3.7;3.7;0.16;-0.7;-0.7;21;2.47;13;0;2;2;4;0;1;0.12;0;0;0;0;1;0
67;Jaydee Canvot;fr FRA;DF;Crystal Palace;19;2006;1.1;0;1;0;0;0.88;0;0;;15.2;0;0;0;0;0;0.04;0;0;0;0;0;0;0;0;0;0;0;0;0;0;0;0;0;0
68;Fabio Carvalho;pt POR;FW,MF;Brentford;23;2002;1.1;1;2;1;50;1.76;0.88;0.5;1;12.4;0;0;0;0.7;0.7;0.35;0.3;0.3;3;2.65;1;1;1;0;0;0;1;0.88;0;1;0;0;0;0
69;Casemiro;br BRA;MF;Manchester Utd;33;1992;9.5;3;18;5;27.8;1.9;0.53;0.17;0.6;19.1;0;0;0;2.1;2.1;0.12;0.9;0.9;17;1.8;14;0;0;1;1;1;3;0.32;2;0;0;1;0;0
70;Matty Cash;pl POL;DF;Aston Villa;28;1997;13.7;2;13;6;46.2;0.95;0.44;0.15;0.33;26.7;0;0;0;0.3;0.3;0.03;1.7;1.7;22;1.6;13;8;1;0;0;0;3;0.22;2;1;0;0;0;0
71;Timothy Castagne;be BEL;DF,FW;Fulham;30;1995;5;0;4;0;0;0.8;0;0;;8.7;0;0;0;0.4;0.4;0.11;-0.4;-0.4;13;2.61;8;2;0;3;0;0;1;0.2;1;0;0;0;0;0
72;Trevoh Chalobah;eng ENG;DF;Chelsea;26;1999;12.3;3;11;5;45.5;0.89;0.41;0.27;0.6;15.6;0;0;0;0.8;0.8;0.08;2.2;2.2;13;1.05;10;0;1;2;0;0;1;0.08;1;0;0;0;0;0
73;Rayan Cherki;fr FRA;MF,FW;Manchester City;22;2003;3.5;1;10;3;30;2.84;0.85;0.1;0.33;20.7;1;0;0;0.8;0.8;0.08;0.2;0.2;20;5.68;15;1;1;2;1;0;5;1.42;5;0;0;0;0;0
74;Federico Chiesa;it ITA;FW,MF;Liverpool;28;1997;1.7;2;12;2;16.7;7.06;1.18;0.17;1;14.3;0;0;0;1.2;1.2;0.1;0.8;0.8;9;5.29;5;0;1;3;0;0;2;1.18;1;0;0;1;0;0
75;Tawanda Chirewa;zw ZIM;MF,FW;Wolves;22;2003;0.2;0;0;0;;0;0;;;;0;0;0;0;0;;0;0;0;0;0;0;0;0;0;0;0;0;0;0;0;0;0;0
76;Ryan Christie;sct SCO;MF;Bournemouth;30;1995;3.1;1;9;2;22.2;2.9;0.65;0.11;0.5;20.2;0;0;0;1.1;1.1;0.13;-0.1;-0.1;11;3.55;7;0;0;3;1;0;2;0.65;1;0;0;0;1;0
77;Samuel Chukwueze;ng NGA;FW;Fulham;26;1999;2.6;2;10;3;30;3.86;1.16;0.2;0.67;15.2;0;0;0;1;1;0.1;1;1;22;8.5;15;0;5;2;0;0;4;1.55;3;0;1;0;0;0
78;Nathaniel Clyne;eng ENG;DF;Crystal Palace;34;1991;0.1;0;0;0;;0;0;;;;0;0;0;0;0;;0;0;0;0;0;0;0;0;0;0;0;0;0;0;0;0;0;0
79;Séamus Coleman;ie IRL;DF,FW;Everton;37;1988;0.1;0;0;0;;0;0;;;;0;0;0;0;0;;0;0;0;0;0;0;0;0;0;0;0;0;0;0;0;0;0;0
80;Nathan Collins;ie IRL;DF;Brentford;24;2001;13.2;0;8;3;37.5;0.61;0.23;0;0;7.9;0;0;0;1;1;0.13;-1;-1;10;0.76;9;0;0;0;1;0;1;0.08;1;0;0;0;0;0
81;Lewis Cook;eng ENG;DF,MF;Bournemouth;28;1997;2.4;0;2;0;0;0.84;0;0;;28.8;0;0;0;0;0;0.02;0;0;12;5.02;10;1;0;0;0;1;1;0.42;1;0;0;0;0;0
82;Diego Coppola;it ITA;DF;Brighton;22;2003;0.2;0;0;0;;0;0;;;;0;0;0;0;0;;0;0;1;5.29;1;0;0;0;0;0;0;0;0;0;0;0;0;0
83;Marc Cucurella;es ESP;DF;Chelsea;27;1998;13;0;11;1;9.1;0.85;0.08;0;0;16;0;0;0;0.5;0.5;0.05;-0.5;-0.5;30;2.32;25;1;1;2;0;1;5;0.39;5;0;0;0;0;0
84;Jorge Cuenca;es ESP;DF;Fulham;26;1999;1.9;0;0;0;;0;0;;;;0;0;0;0;0;;0;0;1;0.53;1;0;0;0;0;0;0;0;0;0;0;0;0;0
85;Josh Cullen;ie IRL;MF;Burnley;29;1996;13.2;2;7;5;71.4;0.53;0.38;0.29;0.4;18.9;0;0;0;0.7;0.7;0.1;1.3;1.3;24;1.81;20;3;0;0;1;0;4;0.3;4;0;0;0;0;0
86;Jair Cunha;br BRA;DF;Nott'ham Forest;20;2005;1;0;0;0;;0;0;;;;0;0;0;0;0;;0;0;0;0;0;0;0;0;0;0;0;0;0;0;0;0;0;0
87;Matheus Cunha;br BRA;MF,FW;Manchester Utd;26;1999;8.4;1;25;10;40;2.96;1.19;0.04;0.1;19.5;0;0;0;2;2;0.08;-1;-1;34;4.03;20;0;6;5;2;1;1;0.12;1;0;0;0;0;0
88;Diogo Dalot;pt POR;DF;Manchester Utd;26;1999;8.7;1;6;1;16.7;0.69;0.11;0.17;1;19.9;0;0;0;0.4;0.4;0.07;0.6;0.6;25;2.87;19;2;1;0;3;0;6;0.69;2;1;1;0;2;0
89;Mikkel Damsgaard;dk DEN;MF;Brentford;25;2000;10.2;1;10;5;50;0.98;0.49;0.1;0.2;20.8;1;0;0;0.7;0.7;0.07;0.3;0.3;36;3.54;21;10;3;1;1;0;4;0.39;4;0;0;0;0;0
90;Kevin Danso;at AUT;DF;Tottenham;27;1998;5.4;0;0;0;;0;0;;;;0;0;0;0;0;;0;0;5;0.93;5;0;0;0;0;0;0;0;0;0;0;0;0;0
91;Karl Darlow;wls WAL;GK;Leeds United;35;1990;5;0;0;0;;0;0;;;;0;0;0;0;0;;0;0;2;0.4;1;1;0;0;0;0;0;0;0;0;0;0;0;0
92;Maxim De Cuyper;be BEL;DF,FW;Brighton;25;2000;7;2;6;5;83.3;0.85;0.71;0.33;0.4;19;2;0;0;1.4;1.4;0.23;0.6;0.6;24;3.41;18;5;0;0;0;1;1;0.14;1;0;0;0;0;0
93;Liam Delap;eng ENG;FW;Chelsea;22;2003;3.5;0;11;5;45.5;3.12;1.42;0;0;18.2;0;0;0;0.7;0.7;0.06;-0.7;-0.7;2;0.57;1;0;0;1;0;0;0;0;0;0;0;0;0;0
94;Sepp van den Berg;nl NED;DF;Brentford;24;2001;14;0;10;4;40;0.71;0.29;0;0;9;0;0;0;1.6;1.6;0.16;-1.6;-1.6;6;0.43;3;2;0;1;0;0;0;0;0;0;0;0;0;0
95;Justin Devenny;nir NIR;MF,FW;Crystal Palace;22;2003;2.3;0;6;2;33.3;2.63;0.88;0;0;16.6;1;0;0;0.5;0.5;0.08;-0.5;-0.5;8;3.51;8;0;0;0;0;0;0;0;0;0;0;0;0;0
96;Kiernan Dewsbury-Hall;eng ENG;MF;Everton;27;1998;12.8;3;14;3;21.4;1.09;0.23;0.21;1;14.4;0;0;0;1.4;1.4;0.1;1.6;1.6;41;3.2;24;9;3;1;4;0;5;0.39;3;1;1;0;0;0
97;Bafodé Diakité;fr FRA;DF;Bournemouth;24;2001;10.5;0;1;0;0;0.1;0;0;;11;0;0;0;0;0;0.02;0;0;8;0.76;8;0;0;0;0;0;0;0;0;0;0;0;0;0
98;Amad Diallo;ci CIV;DF,MF;Manchester Utd;23;2002;11.4;1;21;7;33.3;1.85;0.62;0.05;0.14;17.1;0;0;0;2.3;2.3;0.11;-1.3;-1.3;51;4.49;39;0;4;4;3;1;6;0.53;5;0;0;0;1;0
99;Habib Diarra;sn SEN;MF;Sunderland;21;2004;3.8;0;6;1;16.7;1.57;0.26;0;0;19.4;0;0;0;0.6;0.6;0.1;-0.6;-0.6;6;1.57;3;0;1;1;1;0;1;0.26;0;0;0;0;1;0
100;Rúben Dias;pt POR;DF;Manchester City;28;1997;13.1;1;4;1;25;0.31;0.08;0.25;1;14.9;0;0;0;0.2;0.2;0.06;0.8;0.8;9;0.69;8;0;0;1;0;0;3;0.23;3;0;0;0;0;0
101;Tyler Dibling;eng ENG;FW;Everton;19;2006;0.8;0;0;0;;0;0;;;;0;0;0;0;0;;0;0;3;3.55;1;0;1;0;1;0;0;0;0;0;0;0;0;0
102;Lucas Digne;fr FRA;DF;Aston Villa;32;1993;10.8;0;6;2;33.3;0.55;0.18;0;0;21.1;3;0;0;0.4;0.4;0.06;-0.4;-0.4;24;2.22;13;10;0;1;0;0;5;0.46;3;2;0;0;0;0
103;Issa Diop;fr FRA;DF;Fulham;28;1997;2.5;0;0;0;;0;0;;;;0;0;0;0;0;;0;0;1;0.4;1;0;0;0;0;0;0;0;0;0;0;0;0;0
104;El Hadji Malick Diouf;sn SEN;DF;West Ham;21;2004;13.5;0;8;1;12.5;0.59;0.07;0;0;22.8;0;0;0;0.3;0.3;0.03;-0.3;-0.3;17;1.26;12;3;2;0;0;0;4;0.3;3;1;0;0;0;0
105;Matt Doherty;ie IRL;DF;Wolves;33;1992;3.2;0;1;0;0;0.31;0;0;;10.2;0;0;0;0.1;0.1;0.07;-0.1;-0.1;4;1.24;3;0;0;0;0;1;0;0;0;0;0;0;0;0
106;Jeremy Doku;be BEL;MF,FW;Manchester City;23;2002;9.4;1;12;7;58.3;1.27;0.74;0.08;0.14;14;0;0;0;1.3;1.3;0.11;-0.3;-0.3;68;7.22;48;0;14;2;1;3;7;0.74;4;0;2;0;0;1
107;Nicolás Domínguez;ar ARG;FW,MF;Nott'ham Forest;27;1998;2.4;0;2;0;0;0.83;0;0;;23.7;0;0;0;0.1;0.1;0.03;-0.1;-0.1;9;3.73;5;2;1;1;0;0;1;0.41;1;0;0;0;0;0
108;Gianluigi Donnarumma;it ITA;GK;Manchester City;26;1999;11;0;0;0;;0;0;;;;0;0;0;0;0;;0;0;1;0.09;1;0;0;0;0;0;0;0;0;0;0;0;0;0
109;Patrick Dorgu;dk DEN;DF;Manchester Utd;21;2004;7.9;0;7;1;14.3;0.89;0.13;0;0;17.2;0;0;0;0.7;0.7;0.1;-0.7;-0.7;21;2.67;19;0;1;1;0;0;2;0.25;1;0;0;1;0;0
110;Max Dowman;eng ENG;FW;Arsenal;16;2009;0.3;0;3;0;0;9.31;0;0;;17.3;0;0;0;0.1;0.1;0.05;-0.1;-0.1;2;6.21;0;0;0;0;2;0;1;3.1;0;0;0;0;1;0
111;Martin Dúbravka;sk SVK;GK;Burnley;36;1989;14;0;0;0;;0;0;;;;0;0;0;0;0;;0;0;2;0.14;1;1;0;0;0;0;0;0;0;0;0;0;0;0
112;Lewis Dunk;eng ENG;DF;Brighton;34;1991;13.5;0;8;0;0;0.59;0;0;;18.8;2;0;0;0.6;0.6;0.07;-0.6;-0.6;8;0.59;7;0;0;1;0;0;1;0.07;0;0;0;1;0;0
113;Odsonne Édouard;fr FRA;FW;Crystal Palace;27;1998;0;0;0;0;;0;0;;;;0;0;0;0;0;;0;0;0;0;0;0;0;0;0;0;0;0;0;0;0;0;0;0
114;Marcus Edwards;eng ENG;FW,MF;Burnley;27;1998;0.6;0;3;1;33.3;4.74;1.58;0;0;19.6;2;0;0;0.3;0.3;0.09;-0.3;-0.3;3;4.66;3;0;0;0;0;0;0;0;0;0;0;0;0;0
115;Hjalmar Ekdal;se SWE;DF;Burnley;27;1998;6.9;0;3;1;33.3;0.43;0.14;0;0;8.4;0;0;0;0.2;0.2;0.07;-0.2;-0.2;2;0.29;2;0;0;0;0;0;0;0;0;0;0;0;0;0
116;Hugo Ekitike;fr FRA;FW;Liverpool;23;2002;7.9;3;18;4;22.2;2.29;0.51;0.17;0.75;16.9;0;0;0;2.5;2.5;0.14;0.5;0.5;18;2.29;10;0;4;4;0;0;2;0.25;1;0;1;0;0;0
117;Anthony Elanga;se SWE;FW,MF;Newcastle Utd;23;2002;5.8;0;5;2;40;0.87;0.35;0;0;14.7;0;0;0;0.9;0.9;0.17;-0.9;-0.9;12;2.08;10;0;0;1;0;1;2;0.35;1;0;0;1;0;0
118;Harvey Elliott;eng ENG;MF,FW;Liverpool;22;2003;0;0;0;0;;0;0;;;;0;0;0;0;0;;0;0;0;0;0;0;0;0;0;0;0;0;0;0;0;0;0;0
119;Harvey Elliott;eng ENG;MF,FW;Aston Villa;22;2003;1.1;0;3;0;0;2.76;0;0;;15.3;0;0;0;0.2;0.2;0.06;-0.2;-0.2;4;3.67;4;0;0;0;0;0;1;0.92;1;0;0;0;0;0
120;Wataru Endo;jp JPN;MF,DF;Liverpool;32;1993;0.4;0;0;0;;0;0;;;;0;0;0;0;0;;0;0;2;4.62;2;0;0;0;0;0;1;2.31;1;0;0;0;0;0
121;Romain Esse;eng ENG;FW;Crystal Palace;20;2005;0.3;0;0;0;;0;0;;;;0;0;0;0;0;;0;0;0;0;0;0;0;0;0;0;0;0;0;0;0;0;0;0
122;Maxime Est?ve;fr FRA;DF;Burnley;23;2002;13.9;0;4;1;25;0.29;0.07;0;0;13;0;0;0;0.2;0.2;0.05;-0.2;-0.2;9;0.65;6;0;0;1;1;1;1;0.07;1;0;0;0;0;0
123;Evanilson;br BRA;FW;Bournemouth;26;1999;10.2;1;26;8;30.8;2.54;0.78;0.04;0.13;11.5;0;0;0;2.9;2.9;0.11;-1.9;-1.9;28;2.74;21;0;0;5;2;0;2;0.2;0;0;0;1;1;0
124;Eberechi Eze;eng ENG;MF,FW;Arsenal;27;1998;9;4;25;10;40;2.78;1.11;0.16;0.4;17.4;0;0;0;2.3;2.3;0.09;1.7;1.7;24;2.67;18;0;3;3;0;0;5;0.56;3;0;1;1;0;0
125;Eberechi Eze;eng ENG;MF;Crystal Palace;27;1998;0.9;0;6;2;33.3;6.51;2.17;0;0;32.4;0;0;0;0.2;0.2;0.04;-0.2;-0.2;3;3.25;1;0;0;2;0;0;0;0;0;0;0;0;0;0
126;Bruno Fernandes;pt POR;MF;Manchester Utd;31;1994;13.9;2;34;8;23.5;2.45;0.58;0.03;0.13;20.4;2;1;3;5.6;3.2;0.1;-3.6;-2.2;87;6.26;60;18;1;6;1;1;8;0.58;4;4;0;0;0;0
127;Mateus Fernandes;pt POR;MF,FW;West Ham;21;2004;10;1;8;1;12.5;0.8;0.1;0.13;1;24.6;0;0;0;0.6;0.6;0.08;0.4;0.4;24;2.41;22;0;1;0;0;1;1;0.1;1;0;0;0;0;0
128;Enzo Fernández;ar ARG;MF;Chelsea;24;2001;12.8;4;27;12;44.4;2.11;0.94;0.11;0.25;17.6;2;1;1;5.6;4.8;0.18;-1.6;-1.8;44;3.44;37;3;0;1;2;1;4;0.31;2;2;0;0;0;0
129;Zian Flemming;nl NED;FW,MF;Burnley;27;1998;6.3;4;13;6;46.2;2.07;0.95;0.23;0.5;17.4;0;1;1;2.1;1.3;0.1;1.9;1.7;6;0.95;4;0;0;1;1;0;1;0.16;1;0;0;0;0;0
130;Phil Foden;eng ENG;MF;Manchester City;25;2000;10.9;5;24;8;33.3;2.21;0.74;0.21;0.63;17.1;1;0;0;2.9;2.9;0.12;2.1;2.1;49;4.51;29;13;1;5;1;0;5;0.46;5;0;0;0;0;0
131;Wesley Fofana;fr FRA;DF;Chelsea;25;2000;4.4;0;2;0;0;0.45;0;0;;10.2;0;0;0;0.2;0.2;0.12;-0.2;-0.2;2;0.45;2;0;0;0;0;0;0;0;0;0;0;0;0;0
132;Lyle Foster;za RSA;FW;Burnley;25;2000;8.5;2;11;2;18.2;1.3;0.24;0.18;1;15.1;0;0;0;1.6;1.6;0.14;0.4;0.4;13;1.54;8;0;0;3;2;0;0;0;0;0;0;0;0;0
133;Jeremie Frimpong;nl NED;DF,MF;Liverpool;25;2000;1;0;2;1;50;2.09;1.05;0;0;19.4;0;0;0;0.1;0.1;0.04;-0.1;-0.1;3;3.14;3;0;0;0;0;0;1;1.05;1;0;0;0;0;0
134;Niclas Füllkrug;de GER;FW;West Ham;32;1993;4.5;0;9;3;33.3;1.98;0.66;0;0;9.4;0;0;0;0.9;0.9;0.1;-0.9;-0.9;6;1.32;6;0;0;0;0;0;0;0;0;0;0;0;0;0
135;Cody Gakpo;nl NED;FW;Liverpool;26;1999;11.7;4;33;6;18.2;2.82;0.51;0.12;0.67;15.5;0;0;0;3.9;3.9;0.12;0.1;0.1;50;4.27;38;3;5;1;3;0;5;0.43;4;0;0;1;0;0
136;Idrissa Gana Gueye;sn SEN;MF;Everton;36;1989;10.7;2;13;3;23.1;1.22;0.28;0.15;0.67;22;0;0;0;1.1;1.1;0.08;0.9;0.9;17;1.59;15;0;0;0;2;0;2;0.19;2;0;0;0;0;0
137;Ben Gannon-Doak;sct SCO;FW;Bournemouth;20;2005;0.6;0;1;0;0;1.58;0;0;;14.5;0;0;0;0.1;0.1;0.09;-0.1;-0.1;3;4.74;2;0;0;0;1;0;2;3.16;2;0;0;0;0;0
138;Alejandro Garnacho;ar ARG;FW;Chelsea;21;2004;4.6;1;9;4;44.4;1.94;0.86;0.11;0.25;16.3;0;0;0;0.9;0.9;0.09;0.1;0.1;16;3.44;12;0;2;0;2;0;3;0.65;2;0;1;0;0;0
139;James Garner;eng ENG;MF,DF;Everton;24;2001;14;1;22;5;22.7;1.57;0.36;0.05;0.2;23.4;6;0;0;1;1;0.04;0;0;35;2.5;25;7;0;1;2;0;3;0.21;3;0;0;0;0;0
140;Lutsharel Geertruida;nl NED;DF,MF;Sunderland;25;2000;5;0;3;1;33.3;0.6;0.2;0;0;19.7;0;0;0;0.7;0.7;0.23;-0.7;-0.7;4;0.8;4;0;0;0;0;0;1;0.2;1;0;0;0;0;0
141;Tyrique George;eng ENG;FW;Chelsea;19;2006;1.6;0;3;2;66.7;1.86;1.24;0;0;10.1;0;0;0;0.3;0.3;0.11;-0.3;-0.3;4;2.48;3;0;0;1;0;0;2;1.24;1;0;0;1;0;0
142;Morgan Gibbs-White;eng ENG;MF,FW;Nott'ham Forest;25;2000;13;3;31;9;29;2.39;0.69;0.1;0.33;17.2;2;0;0;3.2;3.2;0.1;-0.2;-0.2;43;3.31;33;2;3;4;1;0;2;0.15;2;0;0;0;0;0
143;Jamie Gittens;eng ENG;FW;Chelsea;21;2004;4.5;0;8;2;25;1.78;0.45;0;0;21.1;0;0;0;0.7;0.7;0.09;-0.7;-0.7;19;4.23;13;0;2;4;0;0;3;0.67;2;0;1;0;0;0
144;Wilfried Gnonto;it ITA;FW;Leeds United;22;2003;2.8;0;5;0;0;1.81;0;0;;21.9;0;0;0;0.2;0.2;0.03;-0.2;-0.2;8;2.9;6;0;1;0;1;0;0;0;0;0;0;0;0;0
145;Jo?o Gomes;br BRA;MF;Wolves;24;2001;12.2;0;8;2;25;0.66;0.16;0;0;22.9;1;0;0;0.5;0.5;0.06;-0.5;-0.5;23;1.88;19;1;1;1;0;1;0;0;0;0;0;0;0;0
146;Rodrigo Gomes;pt POR;FW,DF;Wolves;22;2003;3.7;1;11;3;27.3;2.99;0.82;0.09;0.33;14.3;0;0;0;1;1;0.09;0;0;10;2.7;5;0;2;1;2;0;0;0;0;0;0;0;0;0
147;Toti Gomes;pt POR;DF;Wolves;26;1999;8.8;0;2;1;50;0.23;0.11;0;0;8.8;0;0;0;0;0;0.02;0;0;7;0.79;6;1;0;0;0;0;0;0;0;0;0;0;0;0
148;Diego Gómez;py PAR;MF,FW;Brighton;22;2003;8.7;2;15;8;53.3;1.72;0.92;0.13;0.25;18.4;1;0;0;2.1;2.1;0.14;-0.1;-0.1;26;2.99;18;0;2;1;2;3;0;0;0;0;0;0;0;0
149;Joe Gomez;eng ENG;DF;Liverpool;28;1997;2.2;0;2;0;0;0.9;0;0;;13.8;0;0;0;0.2;0.2;0.09;-0.2;-0.2;5;2.24;3;0;0;2;0;0;1;0.45;1;0;0;0;0;0
150;Nicolás González;es ESP;MF;Manchester City;23;2002;9.9;1;9;2;22.2;0.91;0.2;0.11;0.5;24.2;0;0;0;0.4;0.4;0.05;0.6;0.6;22;2.22;17;0;0;3;1;1;4;0.4;4;0;0;0;0;0
151;Anthony Gordon;eng ENG;FW;Newcastle Utd;24;2001;5.4;1;14;5;35.7;2.6;0.93;0;0;19.6;0;1;1;2.2;1.4;0.1;-1.2;-1.4;20;3.72;15;0;4;0;1;0;3;0.56;2;0;1;0;0;0
152;Ryan Gravenberch;nl NED;MF;Liverpool;23;2002;11.7;3;13;5;38.5;1.11;0.43;0.23;0.6;23.9;0;0;0;0.6;0.6;0.05;2.4;2.4;38;3.25;30;0;1;3;2;2;2;0.17;2;0;0;0;0;0
153;Archie Gray;eng ENG;MF;Tottenham;19;2006;1.5;0;1;0;0;0.67;0;0;;29.8;0;0;0;0;0;0.02;0;0;4;2.67;3;1;0;0;0;0;0;0;0;0;0;0;0;0
154;Jack Grealish;eng ENG;FW;Everton;30;1995;12;2;15;7;46.7;1.25;0.58;0.13;0.29;17;0;0;0;1.2;1.2;0.08;0.8;0.8;50;4.16;43;0;1;2;3;1;6;0.5;6;0;0;0;0;0
155;Brajan Gruda;de GER;MF,FW;Brighton;21;2004;3.4;1;10;4;40;2.92;1.17;0.1;0.25;20.2;0;0;0;1.5;1.5;0.15;-0.5;-0.5;11;3.21;6;0;3;0;2;0;2;0.58;1;0;1;0;0;0
156;Ilia Gruev;bg BUL;MF;Leeds United;25;2000;3.6;0;0;0;;0;0;;;;0;0;0;0;0;;0;0;3;0.83;1;2;0;0;0;0;1;0.28;1;0;0;0;0;0
157;Gabriel Gudmundsson;se SWE;DF;Leeds United;26;1999;12.4;0;7;0;0;0.57;0;0;;15.5;0;0;0;0.4;0.4;0.06;-0.4;-0.4;25;2.02;20;0;0;1;2;2;0;0;0;0;0;0;0;0
158;Marc Guéhi;eng ENG;DF;Crystal Palace;25;2000;13;1;8;2;25;0.62;0.15;0.13;0.5;9.1;0;0;0;0.9;0.9;0.11;0.1;0.1;21;1.62;17;2;0;1;1;0;5;0.38;3;0;0;1;1;0
159;Evann Guessand;ci CIV;FW;Aston Villa;24;2001;5.6;0;5;3;60;0.89;0.53;0;0;10.9;0;0;0;1;1;0.19;-1;-1;10;1.77;6;0;0;2;2;0;2;0.35;0;0;0;2;0;0
160;Luis Guilherme;br BRA;FW,MF;West Ham;19;2006;1.4;0;1;0;0;0.72;0;0;;11.8;0;0;0;0.1;0.1;0.07;-0.1;-0.1;1;0.72;1;0;0;0;0;0;0;0;0;0;0;0;0;0
161;Bruno Guimar?es;br BRA;MF;Newcastle Utd;28;1997;12.4;4;16;5;31.3;1.29;0.4;0.25;0.8;17.6;0;0;0;2.1;2.1;0.13;1.9;1.9;44;3.54;33;0;2;2;5;2;8;0.64;3;0;1;1;2;1
162;Marc Guiu;es ESP;FW;Sunderland;19;2006;0.2;0;1;0;0;6;0;0;;15;0;0;0;0;0;0.02;0;0;2;12;2;0;0;0;0;0;0;0;0;0;0;0;0;0
163;Marc Guiu;es ESP;FW;Chelsea;19;2006;2;0;9;1;11.1;4.53;0.5;0;0;10.3;0;0;0;1.2;1.2;0.14;-1.2;-1.2;5;2.5;2;0;1;1;1;0;3;1.5;1;0;1;0;1;0
164;Malo Gusto;fr FRA;DF,MF;Chelsea;22;2003;7.9;1;5;2;40;0.63;0.25;0.2;0.5;21;0;0;0;0.8;0.8;0.17;0.2;0.2;27;3.42;24;0;0;1;0;2;3;0.38;3;0;0;0;0;0
165;Joško Gvardiol;hr CRO;DF;Manchester City;23;2002;9.8;1;7;2;28.6;0.72;0.2;0.14;0.5;13.3;0;0;0;0.9;0.9;0.13;0.1;0.1;13;1.33;13;0;0;0;0;0;4;0.41;4;0;0;0;0;0
166;Viktor Gyökeres;se SWE;FW;Arsenal;27;1998;9.2;4;19;7;36.8;2.07;0.76;0.16;0.43;10.7;0;1;1;4.6;3.8;0.2;-0.6;-0.8;20;2.18;13;0;1;5;1;0;2;0.22;1;0;1;0;0;0
167;Erling Haaland;no NOR;FW;Manchester City;25;2000;13.5;15;55;30;54.5;4.08;2.22;0.27;0.5;12.1;0;0;1;14;13.2;0.24;1;1.8;21;1.56;14;0;3;4;0;0;4;0.3;3;0;1;0;0;0
168;Lewis Hall;eng ENG;DF;Newcastle Utd;21;2004;4.5;0;5;0;0;1.11;0;0;;20.6;0;0;0;0.2;0.2;0.04;-0.2;-0.2;8;1.79;4;0;1;2;0;1;2;0.45;1;0;0;1;0;0
169;Jack Harrison;eng ENG;FW,DF;Leeds United;29;1996;3;0;6;2;33.3;2.01;0.67;0;0;21;0;0;0;0.3;0.3;0.05;-0.3;-0.3;5;1.67;4;0;0;0;0;1;0;0;0;0;0;0;0;0
170;Quilindschy Hartman;nl NED;DF;Burnley;24;2001;13.9;0;6;2;33.3;0.43;0.14;0;0;21.8;0;0;0;0.2;0.2;0.03;-0.2;-0.2;24;1.73;17;5;1;0;0;1;5;0.36;4;1;0;0;0;0
171;Jorrel Hato;nl NED;DF;Chelsea;19;2006;1.9;0;0;0;;0;0;;;;0;0;0;0;0;;0;0;0;0;0;0;0;0;0;0;0;0;0;0;0;0;0;0
172;Kai Havertz;de GER;FW;Arsenal;26;1999;0.3;0;0;0;;0;0;;;;0;0;0;0;0;;0;0;3;8.71;2;0;0;0;1;0;0;0;0;0;0;0;0;0
173;Ayden Heaven;eng ENG;DF;Manchester Utd;19;2006;0.8;0;0;0;;0;0;;;;0;0;0;0;0;;0;0;2;2.4;2;0;0;0;0;0;1;1.2;1;0;0;0;0;0
174;Jan Paul van Hecke;nl NED;DF;Brighton;25;2000;14;3;10;6;60;0.71;0.43;0.3;0.5;15.1;0;0;0;1.5;1.5;0.17;1.5;1.5;15;1.07;11;0;0;3;0;1;3;0.21;2;0;0;1;0;0
175;Hwang Hee-chan;kr KOR;FW;Wolves;29;1996;4.6;1;6;2;33.3;1.29;0.43;0.17;0.5;17;0;0;0;0.8;0.8;0.13;0.2;0.2;12;2.58;10;1;0;0;1;0;0;0;0;0;0;0;0;0
176;Dean Henderson;eng ENG;GK;Crystal Palace;28;1997;14;0;0;0;;0;0;;;;0;0;0;0;0;;0;0;3;0.21;3;0;0;0;0;0;0;0;0;0;0;0;0;0
177;Jordan Henderson;eng ENG;MF;Brentford;35;1990;11.6;0;4;0;0;0.35;0;0;;25.4;0;0;0;0.1;0.1;0.02;-0.1;-0.1;29;2.51;24;5;0;0;0;0;3;0.26;3;0;0;0;0;0
178;Rico Henry;jm JAM;DF;Brentford;28;1997;3.1;0;2;0;0;0.64;0;0;;16.5;0;0;0;0.1;0.1;0.06;-0.1;-0.1;4;1.26;2;0;1;0;1;0;0;0;0;0;0;0;0;0
179;Mads Hermansen;dk DEN;GK;West Ham;25;2000;4;0;0;0;;0;0;;;;0;0;0;0;0;;0;0;0;0;0;0;0;0;0;0;0;0;0;0;0;0;0;0
180;Aaron Hickey;sct SCO;DF;Brentford;23;2002;3.8;0;4;1;25;1.06;0.26;0;0;16.8;0;0;0;0.4;0.4;0.09;-0.4;-0.4;5;1.32;3;1;0;0;1;0;0;0;0;0;0;0;0;0
181;James Hill;eng ENG;DF;Bournemouth;23;2002;3.1;0;2;1;50;0.65;0.33;0;0;22.6;0;0;0;0.1;0.1;0.06;-0.1;-0.1;4;1.3;3;1;0;0;0;0;0;0;0;0;0;0;0;0
182;Piero Hincapié;ec ECU;DF;Arsenal;23;2002;3.3;0;0;0;;0;0;;;;0;0;0;0;0;;0;0;1;0.31;1;0;0;0;0;0;0;0;0;0;0;0;0;0
183;Jack Hinshelwood;eng ENG;MF;Brighton;20;2005;2.6;1;5;1;20;1.96;0.39;0.2;1;15.6;0;0;0;0.4;0.4;0.07;0.6;0.6;3;1.17;3;0;0;0;0;0;1;0.39;1;0;0;0;0;0
184;Ki-Jana Hoever;nl NED;DF,MF;Wolves;23;2002;2.9;0;1;1;100;0.35;0.35;0;0;31.7;0;0;0;0;0;0.02;0;0;5;1.73;5;0;0;0;0;0;0;0;0;0;0;0;0;0
185;Callum Hudson-Odoi;eng ENG;FW;Nott'ham Forest;25;2000;7.2;1;11;4;36.4;1.54;0.56;0.09;0.25;20.9;0;0;0;0.6;0.6;0.06;0.4;0.4;33;4.61;26;1;3;1;0;2;0;0;0;0;0;0;0;0
186;Will Hughes;eng ENG;MF;Crystal Palace;30;1995;5.3;0;3;0;0;0.56;0;0;;18.4;0;0;0;0.2;0.2;0.05;-0.2;-0.2;13;2.44;8;4;0;0;1;0;1;0.19;1;0;0;0;0;0
187;Trai Hume;nir NIR;DF,MF;Sunderland;23;2002;13.2;0;8;2;25;0.61;0.15;0;0;21.5;0;0;0;0.5;0.5;0.06;-0.5;-0.5;21;1.59;17;2;0;1;0;1;2;0.15;2;0;0;0;0;0
188;Bashir Humphreys;eng ENG;DF;Burnley;22;2003;0;0;0;0;;0;0;;;;0;0;0;0;0;;0;0;0;0;0;0;0;0;0;0;0;0;0;0;0;0;0;0
189;Omari Hutchinson;eng ENG;FW;Nott'ham Forest;22;2003;3.3;0;11;4;36.4;3.31;1.2;0;0;16.3;0;0;0;1;1;0.09;-1;-1;21;6.34;11;1;6;1;1;1;5;1.51;2;0;1;1;1;0
190;Igor;br BRA;DF;West Ham;27;1998;1.2;0;0;0;;0;0;;;;0;0;0;0;0;;0;0;1;0.86;1;0;0;0;0;0;0;0;0;0;0;0;0;0
191;Tim Iroegbunam;eng ENG;MF;Everton;22;2003;5.4;0;4;0;0;0.74;0;0;;24.4;0;0;0;0.2;0.2;0.05;-0.2;-0.2;5;0.93;3;0;1;0;1;0;1;0.19;0;0;0;0;1;0
192;Andy Irving;sct SCO;MF;West Ham;25;2000;1.8;0;0;0;;0;0;;;;0;0;0;0;0;;0;0;3;1.7;1;2;0;0;0;0;0;0;0;0;0;0;0;0
193;Alexander Isak;se SWE;FW;Liverpool;26;1999;5.2;1;13;3;23.1;2.49;0.57;0.08;0.33;13.9;0;0;0;1.9;1.9;0.15;-0.9;-0.9;5;0.96;3;0;1;1;0;0;0;0;0;0;0;0;0;0
194;Wilson Isidor;fr FRA;FW;Sunderland;25;2000;9.2;4;27;8;29.6;2.94;0.87;0.15;0.5;13.9;0;0;0;2.8;2.8;0.1;1.2;1.2;9;0.98;2;0;4;2;1;0;0;0;0;0;0;0;0;0
195;Alex Iwobi;ng NGA;FW,MF;Fulham;29;1996;12.9;2;17;6;35.3;1.32;0.46;0.12;0.33;22;0;0;0;0.7;0.7;0.04;1.3;1.3;39;3.02;33;4;1;1;0;0;3;0.23;3;0;0;0;0;0
196;Daniel James;wls WAL;FW;Leeds United;28;1997;3.9;0;10;2;20;2.54;0.51;0;0;18.1;0;0;0;0.7;0.7;0.07;-0.7;-0.7;15;3.81;9;1;0;3;2;0;0;0;0;0;0;0;0;0
197;Reece James;eng ENG;DF,MF;Chelsea;26;1999;9.4;1;10;4;40;1.07;0.43;0.1;0.25;25.1;2;0;0;0.5;0.5;0.05;0.5;0.5;25;2.67;12;10;1;0;1;1;5;0.53;3;2;0;0;0;0
198;Vitaly Janelt;de GER;MF;Brentford;27;1998;2.5;0;4;0;0;1.62;0;0;;15;0;0;0;0.3;0.3;0.07;-0.3;-0.3;10;4.04;5;3;0;2;0;0;0;0;0;0;0;0;0;0
199;Mathias Jensen;dk DEN;MF;Brentford;29;1996;4.2;2;4;2;50;0.96;0.48;0.5;1;20;0;0;0;0.5;0.5;0.14;1.5;1.5;12;2.89;8;3;0;1;0;0;1;0.24;1;0;0;0;0;0
200;Igor Jesus;br BRA;FW;Nott'ham Forest;24;2001;6.4;1;24;6;25;3.73;0.93;0.04;0.17;11.1;0;0;0;2.3;2.3;0.1;-1.3;-1.3;15;2.32;7;0;0;7;1;0;2;0.31;1;0;0;1;0;0
201;Álex Jiménez;es ESP;DF;Bournemouth;20;2005;6.1;0;4;1;25;0.66;0.16;0;0;21.6;0;0;0;0.2;0.2;0.05;-0.2;-0.2;8;1.32;7;1;0;0;0;0;2;0.33;2;0;0;0;0;0
202;Raúl Jiménez;mx MEX;FW;Fulham;34;1991;7.8;2;21;5;23.8;2.68;0.64;0.1;0.4;13.8;2;0;0;2.6;2.6;0.12;-0.6;-0.6;15;1.91;10;0;1;4;0;0;2;0.25;1;0;0;1;0;0
203;Jo?o Pedro;br BRA;FW,MF;Chelsea;24;2001;12.8;4;23;11;47.8;1.8;0.86;0.17;0.36;14.3;0;0;0;4.4;4.4;0.19;-0.4;-0.4;32;2.51;26;0;1;4;1;0;4;0.31;2;0;0;2;0;0
204;Joelinton;br BRA;MF;Newcastle Utd;29;1996;10.2;0;10;3;30;0.98;0.29;0;0;17.1;0;0;0;0.7;0.7;0.07;-0.7;-0.7;23;2.26;19;0;1;1;0;2;1;0.1;1;0;0;0;0;0
205;Brennan Johnson;wls WAL;FW;Tottenham;24;2001;6.2;2;5;2;40;0.8;0.32;0.4;1;17.1;0;0;0;1;1;0.19;1;1;10;1.61;8;0;2;0;0;0;1;0.16;0;0;1;0;0;0
206;Sam Johnstone;eng ENG;GK;Wolves;32;1993;10;0;0;0;;0;0;;;;0;0;0;0;0;;0;0;4;0.4;0;4;0;0;0;0;0;0;0;0;0;0;0;0
207;Curtis Jones;eng ENG;MF,DF;Liverpool;24;2001;5.1;0;6;2;33.3;1.17;0.39;0;0;20.2;0;0;0;0.4;0.4;0.07;-0.4;-0.4;16;3.11;14;0;0;1;1;0;2;0.39;1;0;0;0;1;0
208;Eli Junior Kroupi;fr FRA;FW,MF;Bournemouth;19;2006;4.6;4;14;8;57.1;3.07;1.75;0.29;0.5;15.9;0;0;0;2.5;2.5;0.18;1.5;1.5;7;1.53;6;0;0;0;0;1;1;0.22;1;0;0;0;0;0
209;Hamed Junior Traor?;ci CIV;MF;Bournemouth;25;2000;0.2;0;0;0;;0;0;;;;0;0;0;0;0;;0;0;1;5.29;1;0;0;0;0;0;1;5.29;1;0;0;0;0;0
210;James Justin;eng ENG;DF;Leeds United;27;1998;1.7;0;0;0;;0;0;;;;0;0;0;0;0;;0;0;1;0.58;0;0;0;0;1;0;0;0;0;0;0;0;0;0
211;Filip J?rgensen;dk DEN;GK;Chelsea;23;2002;0.9;0;0;0;;0;0;;;;0;0;0;0;0;;0;0;0;0;0;0;0;0;0;0;0;0;0;0;0;0;0;0
212;Ferdi Kadioglu;tr TUR;DF,FW;Brighton;26;1999;10.9;0;7;3;42.9;0.64;0.27;0;0;20.3;0;0;0;0.5;0.5;0.07;-0.5;-0.5;25;2.29;19;3;1;2;0;0;1;0.09;1;0;0;0;0;0
213;Sasa Kalajdzic;at AUT;FW;Wolves;28;1997;0.2;0;0;0;;0;0;;;;0;0;0;0;0;;0;0;0;0;0;0;0;0;0;0;0;0;0;0;0;0;0;0
214;Arnaud Kalimuendo;fr FRA;FW;Nott'ham Forest;23;2002;1;0;3;0;0;3.07;0;0;;15.5;0;0;0;0.4;0.4;0.12;-0.4;-0.4;2;2.07;2;0;0;0;0;0;0;0;0;0;0;0;0;0
215;Daichi Kamada;jp JPN;MF;Crystal Palace;29;1996;11.2;0;11;4;36.4;0.98;0.36;0;0;17.7;0;0;0;0.8;0.8;0.07;-0.8;-0.8;21;1.87;15;3;0;1;1;1;2;0.18;1;0;0;0;1;0
216;Boubacar Kamara;fr FRA;MF;Aston Villa;26;1999;9.9;1;4;3;75;0.4;0.3;0.25;0.33;17.6;0;0;0;0.2;0.2;0.04;0.8;0.8;18;1.82;16;0;0;1;1;0;3;0.3;2;0;0;0;1;0
217;Mohamadou Kanté;fr FRA;MF,FW;West Ham;20;2005;0.1;0;1;0;0;11.25;0;0;;16;0;0;0;0;0;0.05;0;0;0;0;0;0;0;0;0;0;0;0;0;0;0;0;0;0
218;Michael Kayode;it ITA;DF;Brentford;21;2004;13.6;0;4;1;25;0.29;0.07;0;0;16.1;0;0;0;0.2;0.2;0.05;-0.2;-0.2;28;2.06;19;7;0;0;2;0;3;0.22;2;1;0;0;0;0
219;Michael Keane;eng ENG;DF;Everton;32;1993;12.7;2;11;3;27.3;0.87;0.24;0.18;0.67;12.3;0;0;0;1.1;1.1;0.1;0.9;0.9;6;0.47;4;0;0;2;0;0;0;0;0;0;0;0;0;0
220;Caoimhín Kelleher;ie IRL;GK;Brentford;27;1998;14;0;0;0;;0;0;;;;0;0;0;0;0;;0;0;3;0.21;2;1;0;0;0;0;1;0.07;0;1;0;0;0;0
221;Milos Kerkez;hu HUN;DF;Liverpool;22;2003;9.5;1;4;1;25;0.42;0.11;0.25;1;8.3;0;0;0;1;1;0.24;0;0;13;1.37;12;1;0;0;0;0;1;0.11;1;0;0;0;0;0
222;Kevin;br BRA;FW,MF;Fulham;22;2003;4.4;0;8;5;62.5;1.8;1.13;0;0;20.6;0;0;0;0.4;0.4;0.05;-0.4;-0.4;15;3.37;10;2;3;0;0;0;0;0;0;0;0;0;0;0
223;Abdukodir Khusanov;uz UZB;DF;Manchester City;21;2004;2.5;0;0;0;;0;0;;;;0;0;0;0;0;;0;0;1;0.39;1;0;0;0;0;0;0;0;0;0;0;0;0;0
224;Max Kilman;eng ENG;DF;West Ham;28;1997;12;0;5;1;20;0.42;0.08;0;0;9.2;0;0;0;0.5;0.5;0.11;-0.5;-0.5;6;0.5;6;0;0;0;0;0;0;0;0;0;0;0;0;0
225;Joshua King;eng ENG;MF;Fulham;18;2007;9;0;15;5;33.3;1.67;0.56;0;0;19.9;0;0;0;1.1;1.1;0.07;-1.1;-1.1;20;2.23;14;0;3;1;2;0;2;0.22;2;0;0;0;0;0
226;Justin Kluivert;nl NED;MF;Bournemouth;26;1999;5.4;1;8;2;25;1.48;0.37;0.13;0.5;24.5;2;0;0;0.5;0.5;0.06;0.5;0.5;18;3.33;13;2;1;1;0;1;3;0.55;2;1;0;0;0;0
227;Joe Knight;eng ENG;MF;Brighton;20;2005;0;0;0;0;;0;0;;;;0;0;0;0;0;;0;0;0;0;0;0;0;0;0;0;0;0;0;0;0;0;0;0
228;Randal Kolo Muani;fr FRA;FW;Tottenham;27;1998;4.2;0;5;0;0;1.18;0;0;;8;0;0;0;0.5;0.5;0.11;-0.5;-0.5;6;1.42;5;0;1;0;0;0;0;0;0;0;0;0;0;0
229;Ibrahima Konaté;fr FRA;DF;Liverpool;26;1999;12.8;0;6;1;16.7;0.47;0.08;0;0;10.3;0;0;0;0.8;0.8;0.13;-0.8;-0.8;10;0.78;10;0;0;0;0;0;0;0;0;0;0;0;0;0
230;Ezri Konsa;eng ENG;DF;Aston Villa;28;1997;12.7;0;3;2;66.7;0.24;0.16;0;0;8.2;0;0;0;0.3;0.3;0.1;-0.3;-0.3;9;0.71;8;0;0;1;0;0;0;0;0;0;0;0;0;0
231;Charalampos Kostoulas;gr GRE;FW,MF;Brighton;18;2007;0.5;1;4;2;50;7.83;3.91;0.25;0.5;15.4;0;0;0;0.3;0.3;0.08;0.7;0.7;3;5.87;1;0;0;2;0;0;1;1.96;0;0;0;1;0;0
232;Mateo Kovaèiæ;hr CRO;MF;Manchester City;31;1994;0.1;0;0;0;;0;0;;;;0;0;0;0;0;;0;0;0;0;0;0;0;0;0;0;0;0;0;0;0;0;0;0
233;Emil Krafth;se SWE;DF;Newcastle Utd;31;1994;0.5;0;0;0;;0;0;;;;0;0;0;0;0;;0;0;0;0;0;0;0;0;0;0;0;0;0;0;0;0;0;0
234;Ladislav Krejèí;cz CZE;DF,MF;Wolves;26;1999;8.8;1;8;5;62.5;0.91;0.57;0.13;0.2;13.5;0;0;0;1.6;1.6;0.2;-0.6;-0.6;15;1.7;14;0;0;1;0;0;3;0.34;2;0;0;1;0;0
235;Mohammed Kudus;gh GHA;FW,MF;Tottenham;25;2000;12.5;2;20;7;35;1.6;0.56;0.1;0.29;18.1;2;0;0;1.6;1.6;0.08;0.4;0.4;37;2.95;19;9;5;2;2;0;8;0.64;5;1;1;1;0;0
236;Jonah Kusi-Asare;se SWE;FW;Fulham;18;2007;0.2;0;0;0;;0;0;;;;0;0;0;0;0;;0;0;1;5;1;0;0;0;0;0;0;0;0;0;0;0;0;0
237;Maxence Lacroix;fr FRA;DF;Crystal Palace;25;2000;14;0;6;1;16.7;0.43;0.07;0;0;12.7;0;0;0;0.6;0.6;0.09;-0.6;-0.6;7;0.5;6;0;0;1;0;0;2;0.14;1;0;0;1;0;0
238;Senne Lammens;be BEL;GK;Manchester Utd;23;2002;8;0;0;0;;0;0;;;;0;0;0;0;0;;0;0;2;0.25;1;1;0;0;0;0;0;0;0;0;0;0;0;0
239;Jamaal Lascelles;eng ENG;DF;Newcastle Utd;32;1993;0.2;0;1;0;0;4.29;0;0;;12.2;0;0;0;0;0;0.04;0;0;0;0;0;0;0;0;0;0;0;0;0;0;0;0;0;0
240;Josh Laurent;eng ENG;DF,MF;Burnley;30;1995;6.5;0;5;2;40;0.77;0.31;0;0;23.2;0;0;0;0.2;0.2;0.03;-0.2;-0.2;6;0.92;5;0;0;0;1;0;1;0.15;1;0;0;0;0;0
241;Roméo Lavia;be BEL;MF;Chelsea;21;2004;1.2;0;0;0;;0;0;;;;0;0;0;0;0;;0;0;2;1.67;2;0;0;0;0;0;0;0;0;0;0;0;0;0
242;Enzo Le Fée;fr FRA;FW,MF;Sunderland;25;2000;10.5;2;8;0;0;0.76;0;0;;26.3;2;2;2;1.9;0.3;0.04;0.1;-0.3;30;2.85;22;5;0;2;1;0;7;0.67;4;1;0;1;1;0
243;Bernd Leno;de GER;GK;Fulham;33;1992;14;0;0;0;;0;0;;;;0;0;0;0;0;;0;0;0;0;0;0;0;0;0;0;0;0;0;0;0;0;0;0
244;Jefferson Lerma;co COL;MF;Crystal Palace;31;1994;5.2;0;7;2;28.6;1.33;0.38;0;0;22.8;0;0;0;0.6;0.6;0.08;-0.6;-0.6;14;2.67;8;4;0;1;1;0;3;0.57;2;1;0;0;0;0
245;Rico Lewis;eng ENG;DF;Manchester City;21;2004;1.9;0;1;0;0;0.51;0;0;;26.9;0;0;0;0;0;0.02;0;0;5;2.57;5;0;0;0;0;0;2;1.03;2;0;0;0;0;0
246;Keane Lewis-Potter;eng ENG;DF,FW;Brentford;24;2001;5.5;0;5;1;20;0.91;0.18;0;0;21.7;0;0;0;0.2;0.2;0.05;-0.2;-0.2;8;1.46;6;1;0;0;1;0;1;0.18;1;0;0;0;0;0
247;Myles Lewis-Skelly;eng ENG;DF;Arsenal;19;2006;1.5;0;0;0;;0;0;;;;0;0;0;0;0;;0;0;1;0.65;1;0;0;0;0;0;1;0.65;1;0;0;0;0;0
248;Matthijs de Ligt;nl NED;DF;Manchester Utd;26;1999;13;1;11;3;27.3;0.85;0.23;0.09;0.33;8.9;0;0;0;1.5;1.5;0.13;-0.5;-0.5;6;0.46;5;0;0;1;0;0;0;0;0;0;0;0;0;0
249;Victor Lindelöf;se SWE;MF,DF;Aston Villa;31;1994;0.3;0;0;0;;0;0;;;;0;0;0;0;0;;0;0;0;0;0;0;0;0;0;0;0;0;0;0;0;0;0;0
250;Valentino Livramento;eng ENG;DF;Newcastle Utd;23;2002;8.8;0;2;0;0;0.23;0;0;;18.9;0;0;0;0.1;0.1;0.06;-0.1;-0.1;19;2.15;17;1;0;1;0;0;3;0.34;2;0;0;1;0;0
251;Sean Longstaff;eng ENG;MF;Leeds United;28;1997;9.8;1;11;2;18.2;1.13;0.21;0.09;0.5;21.4;1;0;0;0.7;0.7;0.07;0.3;0.3;31;3.18;14;13;0;2;0;2;2;0.21;0;2;0;0;0;0
252;Fer López;es ESP;MF,FW;Wolves;21;2004;1.3;0;4;1;25;3;0.75;0;0;18.9;0;0;0;0.1;0.1;0.03;-0.1;-0.1;7;5.25;6;1;0;0;0;0;1;0.75;1;0;0;0;0;0
253;Lucas;br BRA;DF;Burnley;24;2001;0.1;0;0;0;;0;0;;;;0;0;0;0;0;;0;0;2;18;2;0;0;0;0;0;0;0;0;0;0;0;0;0
254;Florentino Luís;pt POR;MF;Burnley;26;1999;9.8;0;5;1;20;0.51;0.1;0;0;19.5;0;0;0;0.4;0.4;0.08;-0.4;-0.4;12;1.22;11;0;0;0;0;1;1;0.1;1;0;0;0;0;0
255;Douglas Luiz;br BRA;MF;Nott'ham Forest;27;1998;2.1;0;1;0;0;0.49;0;0;;23;0;0;0;0;0;0.02;0;0;4;1.95;4;0;0;0;0;0;0;0;0;0;0;0;0;0
256;Saša Lukiæ;rs SRB;MF;Fulham;29;1996;8.3;1;7;1;14.3;0.85;0.12;0.14;1;15.8;0;0;0;1.5;1.5;0.21;-0.5;-0.5;24;2.9;12;9;0;1;1;1;2;0.24;0;1;0;1;0;0
257;Ian Maatsen;nl NED;DF;Aston Villa;23;2002;3.2;0;5;1;20;1.54;0.31;0;0;18.7;0;0;0;0.4;0.4;0.07;-0.4;-0.4;14;4.37;8;2;2;1;0;1;0;0;0;0;0;0;0;0
258;Alexis Mac Allister;ar ARG;MF;Liverpool;27;1998;9.9;0;17;4;23.5;1.72;0.4;0;0;19.1;0;0;0;1.3;1.3;0.08;-1.3;-1.3;27;2.73;21;1;2;3;0;0;3;0.3;3;0;0;0;0;0
259;Noni Madueke;eng ENG;FW;Arsenal;23;2002;4.6;0;7;3;42.9;1.53;0.66;0;0;12.7;0;0;0;0.4;0.4;0.06;-0.4;-0.4;18;3.93;13;2;3;0;0;0;3;0.66;2;0;1;0;0;0
260;Gabriel Magalh?es;br BRA;DF;Arsenal;28;1997;11;1;8;1;12.5;0.73;0.09;0.13;1;10.9;0;0;0;0.8;0.8;0.1;0.2;0.2;13;1.18;6;0;0;4;3;0;2;0.18;1;0;0;1;0;0
261;Soungoutou Magassa;fr FRA;MF;West Ham;22;2003;3.9;1;2;1;50;0.51;0.26;0.5;1;12.8;0;0;0;0.3;0.3;0.14;0.7;0.7;6;1.54;5;0;0;0;0;1;0;0;0;0;0;0;0;0
262;Harry Maguire;eng ENG;DF;Manchester Utd;32;1993;3.8;1;4;1;25;1.04;0.26;0.25;1;8.2;0;0;0;0.3;0.3;0.08;0.7;0.7;4;1.04;3;0;0;1;0;0;0;0;0;0;0;0;0;0
263;Kobbie Mainoo;eng ENG;MF;Manchester Utd;20;2005;2;0;2;0;0;1.01;0;0;;25.1;0;0;0;0.1;0.1;0.03;-0.1;-0.1;8;4.04;7;0;0;1;0;0;0;0;0;0;0;0;0;0
264;Donyell Malen;nl NED;FW;Aston Villa;26;1999;5.3;4;22;7;31.8;4.18;1.33;0.18;0.57;15.1;0;0;0;2.9;2.9;0.13;1.1;1.1;14;2.66;10;0;2;1;0;1;2;0.38;2;0;0;0;0;0
265;Giorgi Mamardashvili;ge GEO;GK;Liverpool;25;2000;5;0;0;0;;0;0;;;;0;0;0;0;0;;0;0;3;0.6;3;0;0;0;0;0;0;0;0;0;0;0;0;0
266;Reinildo Mandava;mz MOZ;DF;Sunderland;31;1994;10.4;0;3;0;0;0.29;0;0;;18.7;0;0;0;0.1;0.1;0.04;-0.1;-0.1;7;0.68;4;0;0;0;3;0;3;0.29;1;0;0;0;2;0
267;Mateus Mane;pt POR;FW,MF;Wolves;18;2007;0.5;0;1;1;100;2;2;0;0;24.8;0;0;0;0;0;0.03;0;0;1;2;1;0;0;0;0;0;0;0;0;0;0;0;0;0
268;Omar Marmoush;eg EGY;FW,MF;Manchester City;26;1999;2.1;0;9;3;33.3;4.31;1.44;0;0;14.6;1;0;0;1.2;1.2;0.14;-1.2;-1.2;8;3.83;4;0;2;1;1;0;2;0.96;1;0;1;0;0;0
269;Callum Marshall;nir NIR;FW;West Ham;21;2004;0.7;0;1;0;0;1.5;0;0;;5.8;0;0;0;0.1;0.1;0.13;-0.1;-0.1;0;0;0;0;0;0;0;0;0;0;0;0;0;0;0;0
270;Gabriel Martinelli;br BRA;FW;Arsenal;24;2001;3.7;1;7;4;57.1;1.87;1.07;0.14;0.25;16.3;0;0;0;1;1;0.14;0;0;5;1.34;4;1;0;0;0;0;0;0;0;0;0;0;0;0
271;Emiliano Martínez;ar ARG;GK;Aston Villa;33;1992;11;0;0;0;;0;0;;;;0;0;0;0;0;;0;0;2;0.18;2;0;0;0;0;0;1;0.09;1;0;0;0;0;0
272;Lisandro Martínez;ar ARG;DF;Manchester Utd;27;1998;0.1;0;0;0;;0;0;;;;0;0;0;0;0;;0;0;1;7.5;1;0;0;0;0;0;0;0;0;0;0;0;0;0
273;Arthur Masuaku;cd COD;DF,MF;Sunderland;32;1993;1.4;0;1;0;0;0.71;0;0;;12.8;0;0;0;0.1;0.1;0.07;-0.1;-0.1;4;2.86;3;0;0;1;0;0;0;0;0;0;0;0;0;0
274;Pape Matar Sarr;sn SEN;MF;Tottenham;23;2002;7.8;2;5;3;60;0.64;0.39;0.4;0.67;10.2;0;0;0;0.7;0.7;0.15;1.3;1.3;10;1.29;9;0;0;0;0;1;5;0.64;4;0;0;0;0;1
275;Jean-Philippe Mateta;fr FRA;FW;Crystal Palace;28;1997;13;7;36;17;47.2;2.77;1.31;0.11;0.24;15.5;0;3;3;9.7;7.4;0.2;-2.7;-3.4;19;1.46;10;0;3;5;1;0;2;0.15;1;0;0;0;1;0
276;Konstantinos Mavropanos;gr GRE;DF;West Ham;28;1997;7.5;0;4;1;25;0.53;0.13;0;0;7.3;0;0;0;0.4;0.4;0.1;-0.4;-0.4;1;0.13;1;0;0;0;0;0;0;0;0;0;0;0;0;0
277;Eliezer Mayenda;es ESP;FW;Sunderland;20;2005;2.9;1;4;2;50;1.36;0.68;0.25;0.5;12.4;0;0;0;0.5;0.5;0.12;0.5;0.5;4;1.36;2;0;1;1;0;0;0;0;0;0;0;0;0;0
278;Noussair Mazraoui;ma MAR;DF;Manchester Utd;28;1997;4.2;0;0;0;;0;0;;;;0;0;0;0;0;;0;0;9;2.17;8;0;0;0;1;0;1;0.24;1;0;0;0;0;0
279;Bryan Mbeumo;cm CMR;MF;Manchester Utd;26;1999;13.6;5;34;18;52.9;2.5;1.32;0.15;0.28;15.6;0;0;0;3.8;3.8;0.11;1.2;1.2;44;3.24;22;11;1;7;3;0;2;0.15;1;0;0;1;0;0
280;James Mcatee;eng ENG;MF,FW;Nott'ham Forest;23;2002;1.5;0;1;0;0;0.67;0;0;;33.2;0;0;0;0;0;0.02;0;0;4;2.67;4;0;0;0;0;0;0;0;0;0;0;0;0;0
281;John McGinn;sct SCO;MF,FW;Aston Villa;31;1994;11.9;1;14;3;21.4;1.18;0.25;0.07;0.33;20.9;0;0;0;1;1;0.07;0;0;39;3.28;29;4;2;2;1;1;2;0.17;1;1;0;0;0;0
282;Dwight McNeil;eng ENG;FW,MF;Everton;26;1999;0.9;0;2;0;0;2.25;0;0;;16.5;0;0;0;0.2;0.2;0.12;-0.2;-0.2;1;1.14;0;0;0;1;0;0;0;0;0;0;0;0;0;0
283;Hannibal Mejbri;tn TUN;MF;Burnley;22;2003;4.5;0;6;1;16.7;1.34;0.22;0;0;24;1;0;0;0.3;0.3;0.04;-0.3;-0.3;14;3.13;8;1;0;1;4;0;2;0.45;1;0;0;1;0;0
284;Mikel Merino;es ESP;FW,MF;Arsenal;29;1996;7.6;3;12;5;41.7;1.58;0.66;0.25;0.6;9.8;0;0;0;1.9;1.9;0.16;1.1;1.1;15;1.97;15;0;0;0;0;0;4;0.53;4;0;0;0;0;0
285;Antoni Milambo;nl NED;MF;Brentford;20;2005;0.5;0;0;0;;0;0;;;;0;0;0;0;0;;0;0;1;2;1;0;0;0;0;0;0;0;0;0;0;0;0;0
286;Nikola Milenkoviæ;rs SRB;DF;Nott'ham Forest;28;1997;14;0;9;1;11.1;0.64;0.07;0;0;12.5;0;0;0;0.6;0.6;0.07;-0.6;-0.6;12;0.86;11;0;0;1;0;0;0;0;0;0;0;0;0;0
287;Lewis Miley;eng ENG;MF;Newcastle Utd;19;2006;5;1;5;3;60;0.99;0.59;0.2;0.33;19.3;0;0;0;0.4;0.4;0.08;0.6;0.6;10;1.98;9;1;0;0;0;0;2;0.4;1;1;0;0;0;0
288;James Milner;eng ENG;MF;Brighton;39;1986;2.1;1;0;0;;0;0;;;;0;1;1;0.8;0;;0.2;0;7;3.25;5;2;0;0;0;0;1;0.46;0;1;0;0;0;0
289;Veljko Milosavljeviæ;rs SRB;DF;Bournemouth;18;2007;4.1;0;1;0;0;0.25;0;0;;7.9;0;0;0;0.2;0.2;0.15;-0.2;-0.2;3;0.74;3;0;0;0;0;0;0;0;0;0;0;0;0;0
290;Tyrone Mings;eng ENG;DF;Aston Villa;32;1993;5.5;0;3;0;0;0.54;0;0;;8.6;0;0;0;0.3;0.3;0.09;-0.3;-0.3;5;0.91;4;0;0;1;0;0;0;0;0;0;0;0;0;0
291;Yankuba Minteh;gm GAM;FW;Brighton;21;2004;13.4;1;23;5;21.7;1.71;0.37;0.04;0.2;15.5;0;0;0;2.4;2.4;0.1;-1.4;-1.4;52;3.87;29;5;12;3;2;1;9;0.67;4;0;3;1;1;0
292;Tyrick Mitchell;eng ENG;DF,MF;Crystal Palace;26;1999;13.9;1;5;3;60;0.36;0.22;0.2;0.33;17.7;0;0;0;0.4;0.4;0.08;0.6;0.6;27;1.94;22;1;2;0;1;1;1;0.07;0;0;0;0;0;1
293;Kaoru Mitoma;jp JPN;FW;Brighton;28;1997;5.6;1;6;3;50;1.06;0.53;0.17;0.33;13;0;0;0;0.8;0.8;0.13;0.2;0.2;12;2.13;10;0;2;0;0;0;1;0.18;1;0;0;0;0;0
294;Morato;br BRA;DF;Nott'ham Forest;24;2001;6.9;0;1;0;0;0.15;0;0;;21.5;0;0;0;0;0;0.03;0;0;2;0.29;2;0;0;0;0;0;0;0;0;0;0;0;0;0
295;Cristhian Mosquera;es ESP;DF;Arsenal;21;2004;4.8;0;0;0;;0;0;;;;0;0;0;0;0;;0;0;2;0.42;2;0;0;0;0;0;0;0;0;0;0;0;0;0
296;Yerson Mosquera;co COL;DF;Wolves;24;2001;3.8;0;4;2;50;1.07;0.53;0;0;14.1;0;0;0;0.1;0.1;0.03;-0.1;-0.1;1;0.27;0;0;0;1;0;0;0;0;0;0;0;0;0;0
297;Mason Mount;eng ENG;MF;Manchester Utd;26;1999;5.5;2;11;3;27.3;1.98;0.54;0.18;0.67;16.1;0;0;0;0.7;0.7;0.06;1.3;1.3;11;1.98;10;0;0;0;1;0;0;0;0;0;0;0;0;0
298;Nordi Mukiele;fr FRA;DF;Sunderland;28;1997;12;1;7;1;14.3;0.58;0.08;0.14;1;13.5;0;0;0;0.6;0.6;0.09;0.4;0.4;19;1.58;11;6;0;1;0;1;2;0.17;2;0;0;0;0;0
299;Romaine Mundle;eng ENG;FW,MF;Sunderland;22;2003;0.3;0;0;0;;0;0;;;;0;0;0;0;0;;0;0;0;0;0;0;0;0;0;0;0;0;0;0;0;0;0;0
300;Marshall Munetsi;zw ZIM;MF,FW;Wolves;29;1996;9.7;1;14;6;42.9;1.44;0.62;0.07;0.17;14.1;0;0;0;1.6;1.6;0.12;-0.6;-0.6;10;1.03;9;0;0;0;0;1;2;0.21;2;0;0;0;0;0
301;Rodrigo Muniz;br BRA;FW;Fulham;24;2001;3.9;1;10;3;30;2.56;0.77;0.1;0.33;10.7;0;0;0;1;1;0.1;0;0;3;0.77;2;0;0;0;1;0;1;0.26;1;0;0;0;0;0
302;Daniel Mu?oz;co COL;DF,MF;Crystal Palace;29;1996;14;3;15;8;53.3;1.07;0.57;0.2;0.38;13.2;0;0;0;1.8;1.8;0.12;1.2;1.2;24;1.72;19;1;0;2;2;0;4;0.29;3;0;0;1;0;0
303;Murillo;br BRA;DF;Nott'ham Forest;23;2002;8.2;1;4;2;50;0.49;0.24;0.25;0.5;21;1;0;0;0.3;0.3;0.06;0.7;0.7;12;1.46;9;1;0;1;0;1;1;0.12;1;0;0;0;0;0
304;Jacob Murphy;eng ENG;FW;Newcastle Utd;30;1995;8;2;30;10;33.3;3.73;1.24;0.07;0.2;20.7;0;0;0;2.5;2.5;0.08;-0.5;-0.5;32;3.99;23;0;5;4;0;0;2;0.25;2;0;0;0;0;0
305;Vitaliy Mykolenko;ua UKR;DF;Everton;26;1999;10.9;0;3;1;33.3;0.27;0.09;0;0;30.1;0;0;0;0;0;0.02;0;0;13;1.19;8;5;0;0;0;0;2;0.18;2;0;0;0;0;0
306;David M?ller Wolfe;no NOR;MF,DF;Wolves;23;2002;4.5;0;1;0;0;0.22;0;0;;19.7;0;0;0;0;0;0.05;0;0;8;1.77;7;0;0;1;0;0;1;0.22;1;0;0;0;0;0
307;Iliman Ndiaye;sn SEN;FW;Everton;25;2000;12.9;4;14;9;64.3;1.09;0.7;0.21;0.33;18;0;1;1;2.8;2;0.15;1.2;1;34;2.64;24;0;7;0;1;2;2;0.16;1;0;1;0;0;0
308;Dan Ndoye;ch SUI;FW;Nott'ham Forest;25;2000;10.6;1;9;3;33.3;0.85;0.28;0.11;0.33;17;0;0;0;0.8;0.8;0.09;0.2;0.2;24;2.27;17;1;2;4;0;0;3;0.28;2;0;1;0;0;0
309;Dan Neil;eng ENG;MF;Sunderland;24;2001;0;0;0;0;;0;0;;;;0;0;0;0;0;;0;0;0;0;0;0;0;0;0;0;0;0;0;0;0;0;0;0
310;Reiss Nelson;eng ENG;FW;Brentford;26;1999;0.4;0;1;1;100;2.73;2.73;0;0;22;0;0;0;0.1;0.1;0.06;-0.1;-0.1;1;2.73;1;0;0;0;0;0;0;0;0;0;0;0;0;0
311;Pedro Neto;pt POR;FW;Chelsea;25;2000;11.7;5;22;9;40.9;1.88;0.77;0.23;0.56;15;1;0;0;2.7;2.7;0.12;2.3;2.3;41;3.5;25;7;3;3;2;1;4;0.34;3;1;0;0;0;0
312;Rio Ngumoha;eng ENG;FW,MF;Liverpool;17;2008;0.5;1;1;1;100;1.96;1.96;1;1;13.3;0;0;0;0.4;0.4;0.36;0.6;0.6;3;5.87;3;0;0;0;0;0;0;0;0;0;0;0;0;0
313;Eddie Nketiah;eng ENG;MF,FW;Crystal Palace;26;1999;2.5;1;10;2;20;4.04;0.81;0.1;0.5;14.1;0;0;0;1.2;1.2;0.12;-0.2;-0.2;8;3.23;4;0;2;2;0;0;0;0;0;0;0;0;0;0
314;Lukas Nmecha;de GER;FW;Leeds United;27;1998;5.5;4;12;6;50;2.18;1.09;0.25;0.5;13.2;0;1;2;4.3;2.6;0.21;-0.3;0.4;9;1.63;6;0;0;3;0;0;1;0.18;0;0;0;1;0;0
315;Matheus Nunes;pt POR;DF;Manchester City;27;1998;10.7;1;4;1;25;0.37;0.09;0.25;1;23;0;0;0;0.2;0.2;0.06;0.8;0.8;19;1.77;19;0;0;0;0;0;2;0.19;2;0;0;0;0;0
316;Ethan Nwaneri;eng ENG;MF;Arsenal;18;2007;1.9;0;6;0;0;3.16;0;0;;20.2;0;0;0;0.2;0.2;0.04;-0.2;-0.2;5;2.63;3;0;1;1;0;0;1;0.53;1;0;0;0;0;0
317;Christian N?rgaard;dk DEN;MF;Arsenal;31;1994;0.2;0;1;1;100;6;6;0;0;20.6;0;0;0;0.1;0.1;0.05;-0.1;-0.1;0;0;0;0;0;0;0;0;0;0;0;0;0;0;0;0
318;Jake O'Brien;ie IRL;DF;Everton;24;2001;12.6;0;6;1;16.7;0.48;0.08;0;0;10.6;0;0;0;0.6;0.6;0.1;-0.6;-0.6;13;1.04;7;5;0;1;0;0;0;0;0;0;0;0;0;0
319;Luke O'Nien;eng ENG;MF;Sunderland;31;1994;0;0;0;0;;0;0;;;;0;0;0;0;0;;0;0;0;0;0;0;0;0;0;0;0;0;0;0;0;0;0;0
320;Matt O'Riley;dk DEN;MF;Brighton;25;2000;2;1;3;1;33.3;1.53;0.51;0;0;22.2;0;1;1;1.2;0.4;0.14;-0.2;-0.4;4;2.03;2;1;0;0;0;1;0;0;0;0;0;0;0;0
321;Wilson Odobert;fr FRA;FW,MF;Tottenham;21;2004;5.4;0;9;2;22.2;1.68;0.37;0;0;13.1;0;0;0;0.9;0.9;0.1;-0.9;-0.9;17;3.17;15;0;1;1;0;0;2;0.37;1;0;0;1;0;0
322;Noah Okafor;ch SUI;FW,MF;Leeds United;25;2000;7;2;10;4;40;1.43;0.57;0.2;0.5;14;0;0;0;1.7;1.7;0.17;0.3;0.3;20;2.87;12;0;0;5;1;2;4;0.57;1;0;0;3;0;0
323;Amadou Onana;be BEL;MF;Aston Villa;24;2001;6.6;2;5;3;60;0.76;0.46;0.4;0.67;21.7;0;0;0;0.4;0.4;0.09;1.6;1.6;8;1.22;8;0;0;0;0;0;1;0.15;1;0;0;0;0;0
324;Frank Onyeka;ng NGA;MF;Brentford;27;1998;1;0;0;0;;0;0;;;;0;0;0;0;0;;0;0;1;0.97;1;0;0;0;0;0;1;0.97;1;0;0;0;0;0
325;Nehemiah Oriola;eng ENG;MF;Brighton;18;2007;0;0;0;0;;0;0;;;;0;0;0;0;0;;0;0;0;0;0;0;0;0;0;0;0;0;0;0;0;0;0;0
326;William Osula;dk DEN;FW;Newcastle Utd;22;2003;2.4;1;7;3;42.9;2.88;1.23;0.14;0.33;14.1;0;0;0;0.6;0.6;0.09;0.4;0.4;3;1.23;1;0;1;1;0;0;1;0.41;0;0;0;1;0;0
327;Dango Ouattara;bf BFA;FW;Brentford;23;2002;9.8;3;22;6;27.3;2.24;0.61;0.14;0.5;12.3;0;0;0;3.3;3.3;0.16;-0.3;-0.3;22;2.24;10;1;3;3;5;0;6;0.61;0;0;1;1;4;0
328;Nico O’Reilly;eng ENG;DF;Manchester City;20;2005;10.6;1;14;3;21.4;1.32;0.28;0.07;0.33;15.2;0;0;0;1.9;1.9;0.14;-0.9;-0.9;18;1.69;14;0;1;3;0;0;3;0.28;2;0;0;1;0;0
329;Jo?o Palhinha;pt POR;MF;Tottenham;30;1995;11.2;2;11;4;36.4;0.98;0.36;0.18;0.5;18.6;0;0;0;0.7;0.7;0.06;1.3;1.3;12;1.07;11;0;0;0;0;1;4;0.36;3;0;0;0;0;1
330;Cole Palmer;eng ENG;MF;Chelsea;23;2002;1.9;1;10;2;20;5.14;1.03;0.1;0.5;19.4;2;0;0;0.9;0.9;0.09;0.1;0.1;9;4.63;6;0;0;2;1;0;1;0.51;1;0;0;0;0;0
331;Lucas Paquetá;br BRA;MF,FW;West Ham;28;1997;11.6;3;16;6;37.5;1.38;0.52;0.13;0.33;22;1;1;1;1.9;1.1;0.07;1.1;0.9;26;2.25;18;4;1;3;0;0;1;0.09;0;0;0;1;0;0
332;Lucas Perri;br BRA;GK;Leeds United;28;1997;9;0;0;0;;0;0;;;;0;0;0;0;0;;0;0;1;0.11;1;0;0;0;0;0;0;0;0;0;0;0;0;0
333;Ðorðe Petroviæ;rs SRB;GK;Bournemouth;26;1999;14;0;0;0;;0;0;;;;0;0;0;0;0;;0;0;2;0.14;2;0;0;0;0;0;0;0;0;0;0;0;0;0
334;Jordan Pickford;eng ENG;GK;Everton;31;1994;14;0;0;0;;0;0;;;;0;0;0;0;0;;0;0;2;0.14;2;0;0;0;0;0;0;0;0;0;0;0;0;0
335;Ethan Pinnock;jm JAM;DF;Brentford;32;1993;2.5;0;0;0;;0;0;;;;0;0;0;0;0;;0;0;0;0;0;0;0;0;0;0;0;0;0;0;0;0;0;0
336;Yeremi Pino;es ESP;MF,FW;Crystal Palace;23;2002;8.3;1;15;4;26.7;1.8;0.48;0.07;0.25;19.1;1;0;0;1.7;1.7;0.11;-0.7;-0.7;33;3.95;22;6;1;3;1;0;3;0.36;2;1;0;0;0;0
337;Joël Piroe;nl NED;FW,MF;Leeds United;26;1999;2.2;0;7;2;28.6;3.2;0.91;0;0;15.5;0;0;0;0.6;0.6;0.08;-0.6;-0.6;4;1.83;2;0;0;2;0;0;0;0;0;0;0;0;0;0
338;Nick Pope;eng ENG;GK;Newcastle Utd;33;1992;11.8;0;0;0;;0;0;;;;0;0;0;0;0;;0;0;2;0.17;1;1;0;0;0;0;0;0;0;0;0;0;0;0
339;Pedro Porro;es ESP;DF;Tottenham;26;1999;11.8;0;7;0;0;0.6;0;0;;23.2;1;0;0;0.2;0.2;0.03;-0.2;-0.2;32;2.72;23;5;0;1;2;1;3;0.26;2;1;0;0;0;0
340;Freddie Potts;eng ENG;MF;West Ham;22;2003;6;0;1;0;0;0.17;0;0;;12;0;0;0;0;0;0.03;0;0;11;1.82;5;5;0;0;1;0;0;0;0;0;0;0;0;0
341;Aaron Ramsdale;eng ENG;GK;Newcastle Utd;27;1998;2.2;0;0;0;;0;0;;;;0;0;0;0;0;;0;0;2;0.93;1;1;0;0;0;0;0;0;0;0;0;0;0;0
342;Jacob Ramsey;eng ENG;MF;Newcastle Utd;24;2001;2.4;0;2;1;50;0.85;0.42;0;0;14.5;0;0;0;0.2;0.2;0.12;-0.2;-0.2;8;3.38;8;0;0;0;0;0;0;0;0;0;0;0;0;0
343;David Raya;es ESP;GK;Arsenal;30;1995;14;0;0;0;;0;0;;;;0;0;0;0;0;;0;0;5;0.36;5;0;0;0;0;0;0;0;0;0;0;0;0;0
344;Harrison Reed;eng ENG;MF;Fulham;30;1995;0;0;0;0;;0;0;;;;0;0;0;0;0;;0;0;0;0;0;0;0;0;0;0;0;0;0;0;0;0;0;0
345;Tijjani Reijnders;nl NED;MF;Manchester City;27;1998;10.3;2;26;7;26.9;2.52;0.68;0.08;0.29;19.1;1;0;0;2.4;2.4;0.09;-0.4;-0.4;26;2.52;23;2;0;0;1;0;4;0.39;4;0;0;0;0;0
346;Declan Rice;eng ENG;MF;Arsenal;26;1999;12.8;2;16;6;37.5;1.25;0.47;0.13;0.33;23.7;3;0;0;1.4;1.4;0.09;0.6;0.6;44;3.43;27;14;0;3;0;0;6;0.47;4;2;0;0;0;0
347;Chris Richards;us USA;DF;Crystal Palace;25;2000;13.9;0;5;0;0;0.36;0;0;;10.4;0;0;0;0.4;0.4;0.08;-0.4;-0.4;14;1.01;9;3;0;2;0;0;1;0.07;1;0;0;0;0;0
348;Richarlison;br BRA;FW;Tottenham;28;1997;8.9;5;20;8;40;2.26;0.9;0.25;0.63;12.6;0;0;0;2.2;2.2;0.11;2.8;2.8;12;1.35;6;0;2;3;1;0;3;0.34;2;0;1;0;0;0
349;Chris Rigg;eng ENG;MF;Sunderland;18;2007;2.1;0;2;0;0;0.96;0;0;;18.6;0;0;0;0.1;0.1;0.05;-0.1;-0.1;3;1.44;2;0;1;0;0;0;0;0;0;0;0;0;0;0
350;Patrick Roberts;eng ENG;MF,FW;Sunderland;28;1997;0.3;0;1;0;0;3.21;0;0;;16.5;0;0;0;0;0;0.03;0;0;1;3.21;1;0;0;0;0;0;0;0;0;0;0;0;0;0
351;Andrew Robertson;sct SCO;DF;Liverpool;31;1994;4.5;0;3;1;33.3;0.66;0.22;0;0;14.7;0;0;0;0.2;0.2;0.07;-0.2;-0.2;16;3.52;13;1;1;0;0;1;0;0;0;0;0;0;0;0
352;Antonee Robinson;us USA;DF;Fulham;28;1997;0.7;0;0;0;;0;0;;;;0;0;0;0;0;;0;0;4;5.63;4;0;0;0;0;0;1;1.41;1;0;0;0;0;0
353;Joe Rodon;wls WAL;DF;Leeds United;28;1997;14;2;8;4;50;0.57;0.29;0.25;0.5;8.4;0;0;0;0.7;0.7;0.09;1.3;1.3;6;0.43;5;0;0;1;0;0;0;0;0;0;0;0;0;0
354;Rodri;es ESP;MF;Manchester City;29;1996;3.3;0;3;1;33.3;0.92;0.31;0;0;19.8;0;0;0;0.1;0.1;0.05;-0.1;-0.1;6;1.84;6;0;0;0;0;0;0;0;0;0;0;0;0;0
355;Guido Rodríguez;ar ARG;MF;West Ham;31;1994;1;0;1;0;0;1;0;0;;23.7;0;0;0;0;0;0.03;0;0;1;1;1;0;0;0;0;0;0;0;0;0;0;0;0;0
356;Robin Roefs;nl NED;GK;Sunderland;22;2003;14;0;0;0;;0;0;;;;0;0;0;0;0;;0;0;9;0.64;6;3;0;0;0;0;1;0.07;0;1;0;0;0;0
357;Morgan Rogers;eng ENG;FW,MF;Aston Villa;23;2002;13.8;3;18;9;50;1.3;0.65;0.17;0.33;18.7;1;0;0;1;1;0.06;2;2;31;2.24;23;0;2;2;3;1;7;0.51;5;0;2;0;0;0
358;Merlin Röhl;de GER;MF,FW;Everton;23;2002;1.1;0;3;0;0;2.84;0;0;;15.4;0;0;0;0.4;0.4;0.14;-0.4;-0.4;1;0.95;1;0;0;0;0;0;0;0;0;0;0;0;0;0
359;Cristian Romero;ar ARG;DF;Tottenham;27;1998;10.3;2;5;4;80;0.48;0.39;0.4;0.5;13.6;0;0;0;0.7;0.7;0.15;1.3;1.3;8;0.78;7;0;0;0;0;1;2;0.19;2;0;0;0;0;0
360;Georginio Rutter;fr FRA;MF,FW;Brighton;23;2002;9.1;0;15;6;40;1.64;0.66;0;0;17.8;0;0;0;0.9;0.9;0.06;-0.9;-0.9;26;2.85;18;0;1;2;5;0;6;0.66;5;0;0;0;1;0
361;José Sá;pt POR;GK;Wolves;32;1993;4;0;0;0;;0;0;;;;0;0;0;0;0;;0;0;3;0.75;1;2;0;0;0;0;0;0;0;0;0;0;0;0
362;Noah Sadiki;cd COD;MF;Sunderland;21;2004;13.9;0;4;0;0;0.29;0;0;;17.3;0;0;0;0.2;0.2;0.05;-0.2;-0.2;23;1.65;16;0;2;2;3;0;0;0;0;0;0;0;0;0
363;Bukayo Saka;eng ENG;FW;Arsenal;24;2001;9.9;4;24;12;50;2.42;1.21;0.13;0.25;18.7;2;1;1;3.3;2.5;0.11;0.7;0.5;41;4.14;25;4;3;4;4;1;2;0.2;1;0;0;0;1;0
364;Mohamed Salah;eg EGY;FW,MF;Liverpool;33;1992;12.4;4;31;9;29;2.5;0.72;0.1;0.33;15.4;1;1;1;3.9;3.1;0.1;0.1;-0.1;44;3.54;35;3;4;2;0;0;4;0.32;4;0;0;0;0;0
365;William Saliba;fr FRA;DF;Arsenal;24;2001;9;0;2;0;0;0.22;0;0;;10.4;0;0;0;0.3;0.3;0.13;-0.3;-0.3;9;1;9;0;0;0;0;0;1;0.11;1;0;0;0;0;0
366;Robert Sánchez;es ESP;GK;Chelsea;28;1997;13;0;0;0;;0;0;;;;0;0;0;0;0;;0;0;4;0.31;4;0;0;0;0;0;0;0;0;0;0;0;0;0
367;Jadon Sancho;eng ENG;FW;Aston Villa;25;2000;1.3;0;4;2;50;3.08;1.54;0;0;13.5;0;0;0;0.3;0.3;0.08;-0.3;-0.3;10;7.76;8;0;1;1;0;0;0;0;0;0;0;0;0;0
368;Ibrahim Sangaré;ci CIV;MF;Nott'ham Forest;28;1997;8.1;1;7;2;28.6;0.86;0.25;0.14;0.5;23;0;0;0;0.6;0.6;0.09;0.4;0.4;3;0.37;3;0;0;0;0;0;0;0;0;0;0;0;0;0
369;Andrey Santos;br BRA;MF;Chelsea;21;2004;4.4;0;6;1;16.7;1.35;0.23;0;0;16.8;0;0;0;0.7;0.7;0.12;-0.7;-0.7;10;2.26;10;0;0;0;0;0;0;0;0;0;0;0;0;0
370;Ismaila Sarr;sn SEN;MF,FW;Crystal Palace;27;1998;10.2;3;16;5;31.3;1.57;0.49;0.19;0.6;12.2;0;0;0;3.8;3.8;0.24;-0.8;-0.8;21;2.06;12;0;2;2;3;2;2;0.2;2;0;0;0;0;0
371;Sávio;br BRA;MF,FW;Manchester City;21;2004;4.8;0;7;3;42.9;1.45;0.62;0;0;12.8;0;0;0;0.3;0.3;0.04;-0.3;-0.3;16;3.32;11;0;3;2;0;0;1;0.21;1;0;0;0;0;0
372;Nicol? Savona;it ITA;DF,MF;Nott'ham Forest;22;2003;7.8;2;4;3;75;0.51;0.39;0.5;0.67;9.9;0;0;0;1.3;1.3;0.32;0.7;0.7;8;1.03;6;1;0;1;0;0;1;0.13;1;0;0;0;0;0
373;Oliver Scarles;eng ENG;DF,MF;West Ham;20;2005;0.8;0;0;0;;0;0;;;;0;0;0;0;0;;0;0;0;0;0;0;0;0;0;0;0;0;0;0;0;0;0;0
374;Kevin Schade;de GER;FW;Brentford;24;2001;12.7;3;19;7;36.8;1.5;0.55;0.16;0.43;11.8;0;0;1;3.4;2.6;0.14;-0.4;0.4;20;1.57;14;1;1;1;3;0;3;0.24;1;1;1;0;0;0
375;Fabian Schär;ch SUI;DF;Newcastle Utd;34;1991;5.7;0;5;0;0;0.87;0;0;;39.1;0;0;0;0.1;0.1;0.02;-0.1;-0.1;4;0.7;3;0;0;0;0;1;0;0;0;0;0;0;0;0
376;Alex Scott;eng ENG;MF;Bournemouth;22;2003;10;1;14;4;28.6;1.4;0.4;0.07;0.25;23.3;0;0;0;0.7;0.7;0.05;0.3;0.3;27;2.71;13;3;1;3;5;2;1;0.1;1;0;0;0;0;0
377;Jenson Seelt;nl NED;DF;Sunderland;22;2003;1.5;0;0;0;;0;0;;;;0;0;0;0;0;;0;0;0;0;0;0;0;0;0;0;0;0;0;0;0;0;0;0
378;Matz Sels;be BEL;GK;Nott'ham Forest;33;1992;14;0;0;0;;0;0;;;;0;0;0;0;0;;0;0;3;0.21;2;1;0;0;0;0;0;0;0;0;0;0;0;0
379;Antoine Semenyo;gh GHA;FW,MF;Bournemouth;25;2000;13;6;27;14;51.9;2.08;1.08;0.19;0.36;17.6;1;1;2;5;3.4;0.13;1;1.6;43;3.31;29;4;6;2;1;1;7;0.54;4;0;3;0;0;0
380;Marcos Senesi;ar ARG;DF;Bournemouth;28;1997;12.9;0;4;1;25;0.31;0.08;0;0;24.7;0;0;0;0.2;0.2;0.05;-0.2;-0.2;27;2.1;24;0;0;1;0;2;4;0.31;4;0;0;0;0;0
381;Benjamin Šeško;si SVN;FW;Manchester Utd;22;2003;6.9;2;18;7;38.9;2.61;1.01;0.11;0.29;13.7;0;0;0;2.1;2.1;0.13;-0.1;-0.1;13;1.89;10;0;0;2;0;1;2;0.29;1;0;0;1;0;0
382;Ryan Sessegnon;eng ENG;DF;Fulham;25;2000;12.3;2;7;3;42.9;0.57;0.24;0.29;0.67;15.7;0;0;0;0.9;0.9;0.12;1.1;1.1;19;1.55;16;1;0;1;0;1;1;0.08;1;0;0;0;0;0
383;Luke Shaw;eng ENG;DF;Manchester Utd;30;1995;13.2;0;1;0;0;0.08;0;0;;8.9;0;0;0;0.1;0.1;0.08;-0.1;-0.1;13;0.98;10;0;0;1;0;2;3;0.23;1;0;0;1;0;1
384;Bernardo Silva;pt POR;MF;Manchester City;31;1994;10;0;3;0;0;0.3;0;0;;14;0;0;0;0.2;0.2;0.06;-0.2;-0.2;22;2.2;19;3;0;0;0;0;3;0.3;3;0;0;0;0;0
385;Jota Silva;pt POR;FW;Nott'ham Forest;26;1999;0.1;0;0;0;;0;0;;;;0;0;0;0;0;;0;0;0;0;0;0;0;0;0;0;0;0;0;0;0;0;0;0
386;Xavi Simons;nl NED;MF,FW;Tottenham;22;2003;6.9;0;10;2;20;1.45;0.29;0;0;21.3;0;0;0;0.5;0.5;0.05;-0.5;-0.5;15;2.17;10;1;0;2;2;0;2;0.29;0;1;0;1;0;0
387;Adam Smith;eng ENG;DF;Bournemouth;34;1991;3.3;0;0;0;;0;0;;;;0;0;0;0;0;;0;0;4;1.21;3;0;0;0;1;0;0;0;0;0;0;0;0;0
388;Emile Smith Rowe;eng ENG;MF;Fulham;25;2000;3.9;2;12;4;33.3;3.09;1.03;0.17;0.5;15.4;0;0;0;1.4;1.4;0.12;0.6;0.6;11;2.84;9;0;0;2;0;0;2;0.52;1;0;0;1;0;0
389;Dominic Solanke;eng ENG;FW;Tottenham;28;1997;0.4;0;2;1;50;5.45;2.73;0;0;15;0;0;0;0.2;0.2;0.1;-0.2;-0.2;1;2.81;0;0;0;1;0;0;0;0;0;0;0;0;0;0
390;Julio Soler;ar ARG;FW,MF;Bournemouth;20;2005;0.2;0;0;0;;0;0;;;;0;0;0;0;0;;0;0;0;0;0;0;0;0;0;0;0;0;0;0;0;0;0;0
391;Oliver Sonne;pe PER;DF,FW;Burnley;25;2000;1.2;0;1;0;0;0.87;0;0;;19.9;0;0;0;0;0;0.03;0;0;2;1.73;2;0;0;0;0;0;0;0;0;0;0;0;0;0
392;Borna Sosa;hr CRO;DF;Crystal Palace;27;1998;0;0;0;0;;0;0;;;;0;0;0;0;0;;0;0;0;0;0;0;0;0;0;0;0;0;0;0;0;0;0;0
393;Tomáš Souèek;cz CZE;MF,FW;West Ham;30;1995;6.1;2;10;7;70;1.64;1.15;0.2;0.29;10.4;0;0;0;2.3;2.3;0.31;-0.3;-0.3;6;0.98;4;0;0;2;0;0;3;0.49;1;0;0;2;0;0
394;Djed Spence;eng ENG;DF;Tottenham;25;2000;9.3;0;2;1;50;0.22;0.11;0;0;17.3;0;0;0;0.2;0.2;0.09;-0.2;-0.2;8;0.86;7;0;1;0;0;0;0;0;0;0;0;0;0;0
395;Anton Stach;de GER;MF;Leeds United;27;1998;10.1;1;19;4;21.1;1.88;0.4;0.05;0.25;19.4;3;0;0;1.2;1.2;0.06;-0.2;-0.2;37;3.66;19;6;3;5;0;4;6;0.59;1;1;0;3;0;1
396;John Stones;eng ENG;DF;Manchester City;31;1994;3.9;0;0;0;;0;0;;;;0;0;0;0;0;;0;0;3;0.76;3;0;0;0;0;0;0;0;0;0;0;0;0;0
397;J?rgen Strand Larsen;no NOR;FW;Wolves;25;2000;10.9;1;13;5;38.5;1.2;0.46;0;0;14.7;0;1;1;1.7;0.9;0.07;-0.7;-0.9;14;1.29;9;0;2;1;2;0;0;0;0;0;0;0;0;0
398;Pascal Struijk;nl NED;DF;Leeds United;26;1999;11.1;0;12;2;16.7;1.08;0.18;0;0;8.9;0;0;0;1.1;1.1;0.09;-1.1;-1.1;8;0.72;7;0;0;1;0;0;1;0.09;1;0;0;0;0;0
399;Crysencio Summerville;nl NED;FW,MF;West Ham;24;2001;7.1;0;12;2;16.7;1.69;0.28;0;0;19;0;0;0;1;1;0.08;-1;-1;22;3.09;14;1;2;2;3;0;5;0.7;3;0;0;1;1;0
400;Dominik Szoboszlai;hu HUN;MF,DF;Liverpool;25;2000;14;1;27;10;37;1.93;0.71;0.04;0.1;24.5;4;0;0;1.5;1.5;0.06;-0.5;-0.5;61;4.36;45;12;1;1;1;1;7;0.5;6;0;0;0;0;1
401;Chemsdine Talbi;ma MAR;FW,MF;Sunderland;20;2005;8.5;2;13;4;30.8;1.52;0.47;0.15;0.5;17.1;0;0;0;1.2;1.2;0.09;0.8;0.8;12;1.4;9;0;0;3;0;0;2;0.23;1;0;0;1;0;0
402;Ao Tanaka;jp JPN;MF;Leeds United;27;1998;5.8;1;7;1;14.3;1.2;0.17;0.14;1;22.9;0;0;0;0.4;0.4;0.06;0.6;0.6;14;2.4;13;1;0;0;0;0;1;0.17;1;0;0;0;0;0
403;James Tarkowski;eng ENG;DF;Everton;33;1992;14;0;2;1;50;0.14;0.07;0;0;3.6;0;0;0;0.6;0.6;0.29;-0.6;-0.6;15;1.07;14;0;0;1;0;0;2;0.14;1;0;0;1;0;0
404;Marcus Tavernier;eng ENG;MF,FW;Bournemouth;26;1999;11.9;3;23;5;21.7;1.94;0.42;0.09;0.4;21.3;3;1;1;2.7;1.9;0.08;0.3;0.1;45;3.8;38;2;4;0;1;0;2;0.17;2;0;0;0;0;0
405;Loum Tchaouna;fr FRA;MF,FW;Burnley;22;2003;7;1;9;3;33.3;1.28;0.43;0.11;0.33;21.6;1;0;0;0.4;0.4;0.05;0.6;0.6;9;1.28;6;0;0;3;0;0;3;0.43;1;0;0;2;0;0
406;Jackson Tchatchoua;cm CMR;DF,MF;Wolves;24;2001;8.7;0;1;0;0;0.12;0;0;;18.1;0;0;0;0.3;0.3;0.26;-0.3;-0.3;10;1.15;9;0;1;0;0;0;0;0;0;0;0;0;0;0
407;Mathys Tel;fr FRA;FW;Tottenham;20;2005;3;2;6;2;33.3;1.99;0.66;0.33;1;16.2;0;0;0;0.5;0.5;0.08;1.5;1.5;5;1.67;5;0;0;0;0;0;2;0.67;2;0;0;0;0;0
408;Kenny Tete;nl NED;DF;Fulham;30;1995;10.5;1;5;3;60;0.48;0.29;0.2;0.33;20.4;0;0;0;0.2;0.2;0.05;0.8;0.8;12;1.14;9;0;0;1;2;0;1;0.1;0;0;0;0;1;0
409;Thiago;br BRA;FW;Brentford;24;2001;12.6;11;26;13;50;2.07;1.03;0.23;0.46;15.3;0;5;6;8.5;3.8;0.15;2.5;2.2;25;1.99;19;0;1;5;0;0;4;0.32;4;0;0;0;0;0
410;Malick Thiaw;de GER;DF;Newcastle Utd;24;2001;10;2;10;4;40;1;0.4;0.2;0.5;10.5;0;0;0;1.1;1.1;0.11;0.9;0.9;4;0.4;3;0;0;1;0;0;0;0;0;0;0;0;0;0
411;Youri Tielemans;be BEL;MF;Aston Villa;28;1997;5.7;0;11;3;27.3;1.93;0.53;0;0;22.1;0;0;0;0.3;0.3;0.03;-0.3;-0.3;20;3.51;12;2;1;3;1;1;1;0.18;0;0;0;1;0;0
412;Jurriën Timber;nl NED;DF;Arsenal;24;2001;12.3;2;15;5;33.3;1.22;0.41;0.13;0.4;8.6;0;0;0;2.8;2.8;0.19;-0.8;-0.8;35;2.84;25;1;1;5;3;0;5;0.41;3;0;0;1;1;0
413;Jean-Clair Todibo;fr FRA;DF;West Ham;26;1999;8.4;0;1;0;0;0.12;0;0;;15.9;0;0;0;0;0;0.05;0;0;4;0.48;4;0;0;0;0;0;1;0.12;1;0;0;0;0;0
414;Sandro Tonali;it ITA;MF;Newcastle Utd;25;2000;11.2;0;12;5;41.7;1.07;0.45;0;0;22.6;1;0;0;0.4;0.4;0.04;-0.4;-0.4;32;2.86;21;7;0;2;2;0;3;0.27;2;0;0;0;1;0
415;Pau Torres;es ESP;DF;Aston Villa;28;1997;9.7;0;3;0;0;0.31;0;0;;9.6;0;0;0;0.2;0.2;0.05;-0.2;-0.2;10;1.04;9;1;0;0;0;0;1;0.1;1;0;0;0;0;0
416;James Trafford;eng ENG;GK;Manchester City;23;2002;3;0;0;0;;0;0;;;;0;0;0;0;0;;0;0;0;0;0;0;0;0;0;0;0;0;0;0;0;0;0;0
417;Adama Traoré;es ESP;FW;Fulham;29;1996;2.8;0;5;1;20;1.8;0.36;0;0;14.7;0;0;0;0.2;0.2;0.04;-0.2;-0.2;5;1.8;4;0;1;0;0;0;0;0;0;0;0;0;0;0
418;Bertrand Traoré;bf BFA;FW,MF;Sunderland;30;1995;5.4;1;13;6;46.2;2.42;1.12;0.08;0.17;17;0;0;0;0.6;0.6;0.05;0.4;0.4;14;2.6;10;0;3;1;0;0;2;0.37;1;0;0;1;0;0
419;Kieran Trippier;eng ENG;DF;Newcastle Utd;35;1990;7.8;0;0;0;;0;0;;;;0;0;0;0;0;;0;0;28;3.6;15;13;0;0;0;0;0;0;0;0;0;0;0;0
420;Leandro Trossard;be BEL;FW;Arsenal;31;1994;8;3;16;5;31.3;2;0.62;0.19;0.6;11.3;0;0;0;2;2;0.12;1;1;26;3.25;21;0;3;1;1;0;3;0.37;3;0;0;0;0;0
421;Adrien Truffert;fr FRA;DF;Bournemouth;24;2001;13.7;0;6;1;16.7;0.44;0.07;0;0;21.1;0;0;0;0.2;0.2;0.04;-0.2;-0.2;24;1.75;20;0;1;0;2;1;2;0.15;2;0;0;0;0;0
422;Axel Tuanzebe;cd COD;DF;Burnley;28;1997;7;0;0;0;;0;0;;;;0;0;0;0;0;;0;0;3;0.43;3;0;0;0;0;0;0;0;0;0;0;0;0;0
423;Stefanos Tzimas;gr GRE;FW,MF;Brighton;19;2006;1.5;1;4;1;25;2.59;0.65;0.25;1;12.4;0;0;0;0.5;0.5;0.12;0.5;0.5;6;3.88;3;1;0;2;0;0;1;0.65;0;0;0;1;0;0
424;Christantus Uche;ng NGA;MF;Crystal Palace;22;2003;0.3;0;1;1;100;3.75;3.75;0;0;12.6;0;0;0;0;0;0.01;0;0;1;3.91;0;0;0;1;0;0;0;0;0;0;0;0;0;0
425;Destiny Udogie;it ITA;DF;Tottenham;23;2002;6.8;0;2;0;0;0.3;0;0;;11;0;0;0;0.1;0.1;0.05;-0.1;-0.1;14;2.07;12;0;0;1;1;0;1;0.15;1;0;0;0;0;0
426;Manuel Ugarte;uy URU;MF;Manchester Utd;24;2001;3.5;0;2;0;0;0.57;0;0;;30.6;0;0;0;0;0;0.02;0;0;3;0.85;2;0;0;0;0;1;0;0;0;0;0;0;0;0
427;Lesley Ugochukwu;fr FRA;MF;Burnley;21;2004;7.9;2;11;3;27.3;1.39;0.38;0.18;0.67;15.2;0;0;0;1;1;0.09;1;1;12;1.52;5;0;1;3;2;1;0;0;0;0;0;0;0;0
428;Enes Ünal;tr TUR;MF,FW;Bournemouth;28;1997;0.4;1;3;2;66.7;7.94;5.29;0.33;0.5;18.2;1;0;0;0.5;0.5;0.18;0.5;0.5;0;0;0;0;0;0;0;0;0;0;0;0;0;0;0;0
429;Virgil van Dijk;nl NED;DF;Liverpool;34;1991;14;0;7;2;28.6;0.5;0.14;0;0;10.2;0;0;0;0.6;0.6;0.08;-0.6;-0.6;16;1.14;15;0;0;1;0;0;1;0.07;1;0;0;0;0;0
430;Joël Veltman;nl NED;DF;Brighton;33;1992;4;0;0;0;;0;0;;;;0;0;0;0;0;;0;0;3;0.75;3;0;0;0;0;0;0;0;0;0;0;0;0;0
431;Micky van de Ven;nl NED;DF;Tottenham;24;2001;12.9;3;8;3;37.5;0.62;0.23;0.38;1;9.2;0;0;0;1.6;1.6;0.2;1.4;1.4;7;0.54;7;0;0;0;0;0;0;0;0;0;0;0;0;0
432;Bart Verbruggen;nl NED;GK;Brighton;23;2002;14;0;0;0;;0;0;;;;0;0;0;0;0;;0;0;2;0.14;2;0;0;0;0;0;0;0;0;0;0;0;0;0
433;Guglielmo Vicario;it ITA;GK;Tottenham;29;1996;14;0;0;0;;0;0;;;;0;0;0;0;0;;0;0;2;0.14;2;0;0;0;0;0;0;0;0;0;0;0;0;0
434;Kyle Walker;eng ENG;DF;Burnley;35;1990;14;0;3;0;0;0.21;0;0;;22.4;0;0;0;0.1;0.1;0.04;-0.1;-0.1;20;1.43;13;6;0;1;0;0;3;0.21;2;0;0;1;0;0
435;Kyle Walker-Peters;eng ENG;DF;West Ham;28;1997;5.7;1;4;2;50;0.7;0.35;0.25;0.5;8;0;0;0;1.1;1.1;0.28;-0.1;-0.1;7;1.22;6;0;1;0;0;0;2;0.35;2;0;0;0;0;0
436;Aaron Wan-Bissaka;cd COD;DF,MF;West Ham;28;1997;9.2;0;0;0;;0;0;;;;0;0;0;0;0;;0;0;16;1.73;12;2;1;0;0;1;0;0;0;0;0;0;0;0
437;James Ward-Prowse;eng ENG;MF;West Ham;31;1994;4.6;0;2;0;0;0.44;0;0;;27.5;1;0;0;0.1;0.1;0.06;-0.1;-0.1;19;4.14;8;9;0;1;1;0;0;0;0;0;0;0;0;0
438;Ollie Watkins;eng ENG;FW;Aston Villa;30;1995;11.7;3;24;8;33.3;2.05;0.68;0.13;0.38;12.9;0;0;0;3.7;3.7;0.15;-0.7;-0.7;19;1.62;13;0;0;3;3;0;0;0;0;0;0;0;0;0
439;Tom Watson;eng ENG;FW;Brighton;19;2006;0.5;0;1;1;100;2.14;2.14;0;0;26;0;0;0;0;0;0.04;0;0;1;2.14;1;0;0;0;0;0;1;2.14;1;0;0;0;0;0
440;Danny Welbeck;eng ENG;FW;Brighton;35;1990;9.9;7;22;9;40.9;2.22;0.91;0.32;0.78;16.7;2;0;1;5.5;4.7;0.22;1.5;2.3;20;2.02;13;0;2;3;1;1;1;0.1;0;0;0;1;0;0
441;Adam Wharton;eng ENG;MF;Crystal Palace;21;2004;10.4;0;8;1;12.5;0.77;0.1;0;0;24.6;0;0;0;0.4;0.4;0.05;-0.4;-0.4;36;3.46;22;10;2;1;0;1;4;0.38;3;0;0;1;0;0
442;Ben White;eng ENG;DF;Arsenal;28;1997;1.8;0;2;0;0;1.13;0;0;;21.5;0;0;0;0.1;0.1;0.03;-0.1;-0.1;4;2.25;4;0;0;0;0;0;1;0.56;1;0;0;0;0;0
443;Mats Wieffer;nl NED;DF;Brighton;26;1999;10.1;0;7;2;28.6;0.69;0.2;0;0;15.1;0;0;0;0.4;0.4;0.05;-0.4;-0.4;24;2.37;19;2;1;2;0;0;5;0.49;4;0;0;1;0;0
444;Neco Williams;wls WAL;DF;Nott'ham Forest;24;2001;14;1;13;5;38.5;0.93;0.36;0.08;0.2;21.2;1;0;0;0.9;0.9;0.07;0.1;0.1;21;1.5;16;1;1;1;2;0;2;0.14;1;0;1;0;0;0
445;Est?v?o Willian;br BRA;FW;Chelsea;18;2007;4.8;1;15;4;26.7;3.12;0.83;0.07;0.25;14.9;0;0;0;1.9;1.9;0.13;-0.9;-0.9;24;4.99;16;0;6;2;0;0;3;0.62;1;0;1;1;0;0
446;Joe Willock;eng ENG;MF,FW;Newcastle Utd;26;1999;1.4;0;1;0;0;0.71;0;0;;13;0;0;0;0.1;0.1;0.09;-0.1;-0.1;1;0.71;1;0;0;0;0;0;0;0;0;0;0;0;0;0
447;Callum Wilson;eng ENG;FW;West Ham;33;1992;6.5;4;14;9;64.3;2.16;1.39;0.29;0.44;11.5;0;0;0;2.7;2.7;0.19;1.3;1.3;10;1.54;4;0;3;2;1;0;0;0;0;0;0;0;0;0
448;Harry Wilson;wls WAL;FW,MF;Fulham;28;1997;9.9;3;25;6;24;2.53;0.61;0.12;0.5;19.4;1;0;0;1.6;1.6;0.06;1.4;1.4;22;2.22;17;3;0;1;1;0;1;0.1;1;0;0;0;0;0
449;Ben Winterburn;eng ENG;MF;Bournemouth;21;2004;0.1;0;0;0;;0;0;;;;0;0;0;0;0;;0;0;0;0;0;0;0;0;0;0;0;0;0;0;0;0;0;0
450;Florian Wirtz;de GER;MF,FW;Liverpool;22;2003;9.5;0;17;5;29.4;1.79;0.53;0;0;17;0;0;0;2.1;2.1;0.12;-2.1;-2.1;44;4.64;37;3;2;1;1;0;2;0.21;2;0;0;0;0;0
451;Nick Woltemade;de GER;FW;Newcastle Utd;23;2002;9.7;5;20;6;30;2.06;0.62;0.2;0.67;10.6;0;1;1;4.5;3.7;0.19;0.5;0.3;19;1.95;12;0;3;4;0;0;0;0;0;0;0;0;0;0
452;Chris Wood;nz NZL;FW;Nott'ham Forest;34;1991;6;2;16;6;37.5;2.67;1;0.13;0.33;9.5;0;0;0;2.7;2.7;0.17;-0.7;-0.7;8;1.34;6;0;1;1;0;0;1;0.17;0;0;1;0;0;0
453;Joe Worrall;eng ENG;DF;Burnley;28;1997;0.2;0;0;0;;0;0;;;;0;0;0;0;0;;0;0;0;0;0;0;0;0;0;0;0;0;0;0;0;0;0;0
454;Granit Xhaka;ch SUI;MF;Sunderland;33;1992;14;1;7;4;57.1;0.5;0.29;0.14;0.25;20.9;0;0;0;0.4;0.4;0.06;0.6;0.6;41;2.93;27;14;0;0;0;0;6;0.43;5;1;0;0;0;0
455;Yehor Yarmoliuk;ua UKR;MF;Brentford;21;2004;11.6;0;8;3;37.5;0.69;0.26;0;0;21.1;0;0;0;0.3;0.3;0.04;-0.3;-0.3;17;1.47;14;0;1;0;0;2;4;0.35;3;0;1;0;0;0
456;Ryan Yates;eng ENG;MF;Nott'ham Forest;28;1997;3.2;0;1;1;100;0.31;0.31;0;0;17.2;0;0;0;0;0;0.03;0;0;5;1.55;5;0;0;0;0;0;2;0.62;2;0;0;0;0;0
457;Leny Yoro;fr FRA;DF;Manchester Utd;20;2005;9.2;0;3;0;0;0.33;0;0;;8.2;0;0;0;0.3;0.3;0.09;-0.3;-0.3;11;1.19;11;0;0;0;0;0;0;0;0;0;0;0;0;0
458;Oleksandr Zinchenko;ua UKR;DF;Nott'ham Forest;29;1996;2.8;0;3;1;33.3;1.07;0.36;0;0;28.7;0;0;0;0;0;0.01;0;0;10;3.56;8;0;0;1;0;1;1;0.36;1;0;0;0;0;0
459;Joshua Zirkzee;nl NED;FW,MF;Manchester Utd;24;2001;3.8;1;14;4;28.6;3.67;1.05;0.07;0.25;10.7;0;0;0;1.8;1.8;0.13;-0.8;-0.8;11;2.89;8;0;0;2;0;1;0;0;0;0;0;0;0;0
460;Martín Zubimendi;es ESP;MF;Arsenal;26;1999;13;2;10;3;30;0.77;0.23;0.2;0.67;17.9;0;0;0;0.6;0.6;0.06;1.4;1.4;27;2.07;25;0;0;1;1;0;3;0.23;3;0;0;0;0;0
461;Martin ?degaard;no NOR;MF;Arsenal;27;1998;3.6;0;5;1;20;1.38;0.28;0;0;22.7;0;0;0;0.2;0.2;0.03;-0.2;-0.2;18;4.95;13;1;2;1;1;0;4;1.1;2;1;1;0;0;0
